AY545914_SARS_coronavirus_isolate_HC_SZ_79_03,T
AY545915_SARS_coronavirus_isolate_HC_SZ_DM1_03,T
AY545916_SARS_coronavirus_isolate_HC_SZ_266_03,T
AY545918_SARS_coronavirus_isolate_HC_GZ_32_03,T
AY545917_SARS_coronavirus_isolate_HC_GZ_81_03,T
AY545919_SARS_coronavirus_isolate_CFB_SZ_94_03,T
AY568539_SARS_coronavirus_GZ0401,T
AY613947_SARS_coronavirus_GZ0402,T
AY714217_SARS_Coronavirus_CDC_200301157,-
AY362698_SARS_coronavirus_TWC2,-
AY362699_SARS_coronavirus_TWC3,-
AY502923_SARS_coronavirus_TW10,-
AY502932_SARS_coronavirus_TW9,-
AY502928_SARS_coronavirus_TW5,-
AY502929_SARS_coronavirus_TW6,-
AY502930_SARS_coronavirus_TW7,-
AY502931_SARS_coronavirus_TW8,-
AY502925_SARS_coronavirus_TW2,-
AY291451_SARS_coronavirus_TW1,-
AY502926_SARS_coronavirus_TW3,-
AY502927_SARS_coronavirus_TW4,-
AY278741_SARS_coronavirus_Urbani,-
AY323977_SARS_coronavirus_HSR_1,-
AY274119_SARS_coronavirus_Tor2,-
AY427439_SARS_coronavirus_AS,-
AY283794_SARS_coronavirus_Sin2500,-
AY283796_SARS_coronavirus_Sin2679,-
AY283798_SARS_coronavirus_Sin2774,-
AY283797_SARS_coronavirus_Sin2748,-
AY283795_SARS_coronavirus_Sin2677,-
AY394983_SARS_coronavirus_HSZ2_A,-
AY394987_SARS_coronavirus_HZS2_Fb,-
AY394989_SARS_coronavirus_HZS2_D,-
AY394990_SARS_coronavirus_HZS2_E,-
AY394992_SARS_coronavirus_HZS2_C,-
AY394991_SARS_coronavirus_HZS2_Fc,-
AY394993_SARS_coronavirus_HGZ8L2,-
AY278554_SARS_coronavirus_CUHK_W1,-
AY394998_SARS_coronavirus_LC1,-
AY345986_SARS_coronavirus_CUHK_AG01,-
AY345987_SARS_coronavirus_CUHK_AG02,-
AY282752_SARS_coronavirus_CUHK_Su10,-
AY345988_SARS_coronavirus_CUHK_AG03,-
AY350750_SARS_coronavirus_PUMC01,-
AY310120_SARS_coronavirus_FRA,-
AY291315_SARS_coronavirus_Frankfurt_1,-
AY321118_SARS_coronavirus_TWC,-
AY348314_SARS_coronavirus_Taiwan_TC3,-
AY338174_SARS_coronavirus_Taiwan_TC1,-
AY338175_SARS_coronavirus_Taiwan_TC2,-
AY559084_SARS_coronavirus_Sin3765V,-
AY559087_SARS_coronavirus_Sin3725V,-
AY559093_SARS_coronavirus_Sin845,-
AY559085_SARS_coronavirus_Sin848,-
AY559095_SARS_coronavirus_Sin847,-
AY559086_SARS_coronavirus_Sin849,-
AY559096_SARS_coronavirus_Sin850,-
AY559081_SARS_coronavirus_Sin842,-
AY485278_SARS_coronavirus_Sino3_11,-
AY278491_SARS_coronavirus_HKU_39849,-
AY502924_SARS_coronavirus_TW11,-
AY559088_SARS_coronavirus_SinP1,-
AY559092_SARS_coronavirus_SinP5,-
AY394850_SARS_coronavirus_WHU,-
AY559091_SARS_coronavirus_SinP4,-
AY304495_SARS_coronavirus_GZ50,-
AY394985_SARS_coronavirus_HSZ_Bb,T
AY394994_SARS_coronavirus_HSZ_Bc,T
AY394986_SARS_coronavirus_HSZ_Cb,T
AY394995_SARS_coronavirus_HSZ_Cc,T
AY394999_SARS_coronavirus_LC2,-
AY395000_SARS_coronavirus_LC3,-
AY395001_SARS_coronavirus_LC4,-
AY395002_SARS_coronavirus_LC5,-
AY357075_SARS_coronavirus_PUMC02,-
AY357076_SARS_coronavirus_PUMC03,-
AY485277_SARS_coronavirus_Sino1_11,-
AY394978_SARS_coronavirus_GZ_B,-
AY654624_SARS_coronavirus_TJF,-
AY278487_SARS_coronavirus_BJ02,-
AY278488_SARS_coronavirus_BJ01,-
AY278490_SARS_coronavirus_BJ03,-
AY508724_SARS_coronavirus_NS_1,-
AY279354_SARS_coronavirus_BJ04,-
AY559094_SARS_coronavirus_Sin846,-
AY461660_SARS_coronavirus_SoD,-
AY595412_SARS_coronavirus_LLJ_2004,-
AY559082_SARS_coronavirus_Sin852,-
AY313906_SARS_coronavirus_GD69,-
AY559097_SARS_coronavirus_Sin3408L,-
AY394979_SARS_coronavirus_GZ_C,-
AY463059_SARS_coronavirus_ShanghaiQXC1,-
AY463060_SARS_coronavirus_ShanghaiQXC2,-
AY390556_SARS_coronavirus_GZ02,T
AY278489_SARS_coronavirus_GD01,T
AY304486_SARS_coronavirus_SZ3,T
AY304488_SARS_coronavirus_SZ16,T
AY394996_SARS_coronavirus_ZS_B,-
AY394997_SARS_coronavirus_ZS_A,-
AY395003_SARS_coronavirus_ZS_C,-
AY559090_SARS_coronavirus_SinP3,-
AY559083_SARS_coronavirus_Sin3408,-
AY772062_SARS_coronavirus_WH20,-
AY297028_SARS_coronavirus_ZJ01,-
AY559089_SARS_coronavirus_SinP2,-
AY351680_SARS_coronavirus_ZMY_1,-
