Author	n (strains)	publication title	journal	publication URL	strains
Chen et al	15	unknown	unknown	unknown	Wuhan/WH01/2019,Wuhan/WH04/2020,Wuhan/WHU02/2020,Wuhan/WHU01/2020,Wuhan/WH03/2020,Zhejiang/WZ-01/2020,Australia/NSW38/2020,HongKong/CUHK1/2020,Wuhan/WH05/2020,USA/AK-PHL037/2020,USA/AK-PHL015/2020,USA/AK-PHL006/2020,USA/AK-PHL077/2020,USA/AK-PHL002/2020,USA/AK-PHL003/2020
Zhou et al	5	unknown	unknown	unknown	Wuhan/WIV07/2019,Wuhan/WIV05/2019,Wuhan/WIV02/2019,Wuhan/WIV04/2019,Wuhan/WIV06/2019
Wang et al	95	unknown	unknown	unknown	Shanghai/SH0036/2020,Shanghai/SH0020/2020,Shanghai/SH0114/2020,Shanghai/SH0107/2020,Shanghai/SH0039/2020,Shanghai/SH0021/2020,Shanghai/SH0030/2020,Shanghai/SH0010/2020,Shanghai/SH0075/2020,Shanghai/SH0034/2020,Shanghai/SH0115/2020,Shanghai/SH0026/2020,Shanghai/SH0041/2020,Shanghai/SH0100/2020,Shanghai/SH0059/2020,Shanghai/SH0004/2020,Shanghai/SH0005/2020,Shanghai/SH0074/2020,Shanghai/SH0035/2020,Shanghai/SH0117/2020,Shanghai/SH0003/2020,Shanghai/SH0002/2020,Shanghai/SH0017/2020,HongKong/XM-PII-S4/2020,Shanghai/SH0128/2020,Shanghai/SH0079/2020,Shanghai/SH0029/2020,Shanghai/SH0032/2020,Shanghai/SH0049/2020,Shanghai/SH0009/2020,Shanghai/SH0069/2020,Shanghai/SH0065/2020,Shanghai/SH0013/2020,Shanghai/SH0024/2020,Shanghai/SH0043/2020,Shanghai/SH0031/2020,Shanghai/SH0112/2020,Shanghai/SH0060/2020,Shanghai/SH0067/2020,Shanghai/SH0076/2020,Shanghai/SH0027/2020,Shanghai/SH0119/2020,Shanghai/SH0054/2020,Shanghai/SH0121/2020,Shanghai/SH0028/2020,Shanghai/SH0038/2020,Shanghai/SH0083/2020,Shanghai/SH0044/2020,Shanghai/SH0102/2020,Shanghai/SH0101/2020,Shanghai/SH0077/2020,Shanghai/SH0110/2020,Shanghai/SH0073/2020,Shanghai/SH0104/2020,Shanghai/SH0008/2020,Shanghai/SH0071/2020,Shanghai/SH0106/2020,Shanghai/SH0047/2020,Shanghai/SH0085/2020,Shanghai/SH0094/2020,Shanghai/SH0058/2020,Shanghai/SH0052/2020,Shanghai/SH0050/2020,Shanghai/SH0109/2020,Shanghai/SH0066/2020,Shanghai/SH0048/2020,Shanghai/SH0091/2020,Shanghai/SH0011/2020,Shanghai/SH0072/2020,Shanghai/SH0033/2020,Shanghai/SH0068/2020,Shanghai/SH0007/2020,Shanghai/SH0093/2020,Shanghai/SH0088/2020,Shanghai/SH0053/2020,Shanghai/SH0051/2020,Shanghai/SH0055/2020,Shanghai/SH0045/2020,Shanghai/SH0042/2020,Shanghai/SH0081/2020,Shanghai/SH0070/2020,Shanghai/SH0022/2020,Shanghai/SH0023/2020,Shanghai/SH0080/2020,Shanghai/SH0125/2020,Shanghai/SH0126/2020,Shanghai/SH0037/2020,Shanghai/SH0012/2020,Shanghai/SH0098/2020,Shanghai/SH0040/2020,Shanghai/SH0056/2020,Shanghai/SH0127/2020,Shanghai/SH0086/2020,Shanghai/SH0025/2020,Shanghai/SH0014/2020
Tan et al	9	unknown	unknown	unknown	Wuhan/IVDC-HB-05/2019,Wuhan/IVDC-HB-04/2020,Yunnan/IVDC-YN-003/2020,Sichuan/IVDC-SC-001/2020,Jiangxi/IVDC-JX-002/2020,Wuhan/IVDC-HB-01/2019,Jiangsu/IVDC-JS-001/2020,Chongqing/IVDC-CQ-001/2020,Shandong/IVDC-SD-001/2020
Fang et al	9	unknown	unknown	unknown	Wuhan/HBCDC-HB-01/2019,Wuhan/HBCDC-HB-02/2019,Tianmen/HBCDC-HB-07/2020,Wuhan/HBCDC-HB-02/2020,Wuhan/HBCDC-HB-06/2020,Wuhan/HBCDC-HB-04/2020,Wuhan/HBCDC-HB-03/2020,Wuhan/HBCDC-HB-03/2019,Wuhan/HBCDC-HB-05/2020
Yao et al	11	unknown	unknown	unknown	Hangzhou/ZJU-07/2020,Hangzhou/ZJU-02/2020,Hangzhou/ZJU-08/2020,Hangzhou/ZJU-03/2020,Hangzhou/ZJU-04/2020,Hangzhou/ZJU-05/2020,Hangzhou/ZJU-010/2020,Hangzhou/ZJU-06/2020,Hangzhou/ZJU-09/2020,Hangzhou/ZJU-011/2020,Hangzhou/ZJU-01/2020
Ren et al	4	unknown	unknown	unknown	Wuhan/IPBCAMS-WH-01/2019,Wuhan/IPBCAMS-WH-03/2019,Wuhan/IPBCAMS-WH-04/2019,Wuhan/IPBCAMS-WH-02/2019
Lu et al	40	unknown	unknown	unknown	Guangdong/GDFS2020127-P0026/2020,Guangdong/2020XN4448-P0002/2020,Guangdong/GD2020139-P0007/2020,Guangdong/2020XN4475-P0042/2020,Guangdong/2020XN4273-P0036/2020,Guangdong/SZ-N128-P0057/2020,Guangdong/2020XN4291-P0038/2020,Guangdong/2020XN4276-P0037/2020,Guangdong/2020XN4243-P0035/2020,Guangdong/GZ-S6-P0050/2020,Guangdong/FS-S30-P0052/2020,Guangdong/ZS-S6-P0060/2020,Guangdong/GD2020233-P0027/2020,Guangdong/GDSZ202015-P0019/2020,Guangdong/2020XN4459-P0041/2020,Guangdong/GD2020086-P0021/2020,Guangdong/GD2020234-P0023/2020,Guangdong/2020XN4239-P0034/2020,Guangdong/MM-S1-P0048/2020,Guangdong/GD2020080-P0010/2020,Guangdong/GD2020227-P0029/2020,Guangdong/GD2020134-P0031/2020,Guangdong/FS-S48-P0047/2020,Guangdong/DG-S9-P0045/2020,Guangdong/ZH-S33-P0058/2020,Guangdong/JM-S1-P0062/2020,Guangdong/FS-S50-P0053/2020,Guangdong/GDFS2020052-P0025/2020,Guangdong/GDFS2020054-P0005/2020,Guangdong/GD2020115-P0009/2020,Guangdong/DG-S2-P0054/2020,Guangdong/2020XN4433-P0040/2020,Guangdong/GDSZ202008-P0020/2020,Guangdong/GD2020258-P0018/2020,Guangdong/GDSZ202004-P0004/2020,Guangdong/SZ-N59-P0049/2020,Guangdong/2020XN4373-P0039/2020,Guangdong/GD2020246-P0028/2020,Guangdong/DG-S41-P0056/2020,Guangdong/GD2020087-P0008/2020
Queen et al	24	unknown	unknown	unknown	USA/CA8/2020,USA/TX1/2020,USA/CA7/2020,USA/GA_1445/2020,USA/GA_1320/2020,USA/WA1/2020,USA/CA9/2020,USA/IL_1375/2020,USA/IL_1293/2020,USA/CA3/2020,USA/CA4/2020,USA/TX_2039/2020,Korea/BA-ACH_2604/2020,Korea/BA-ACH_2719/2020,Korea/BA-ACH_2718/2020,USA/OR_5430/2020,USA/GA_1299/2020,USA/AZ_4811/2020,USA/FL_6318/2020,USA/RI_0556/2020,USA/TX_2817/2020,USA/TX_2967/2020,USA/NH_0004/2020,USA/NH_0008/2020
Zhao et al et al	5	unknown	unknown	unknown	Guangzhou/GZMU0014/2020,Guangzhou/GZMU0042/2020,Guangzhou/GZMU0044/2020,Guangzhou/GZMU0048/2020,Guangzhou/GZMU0030/2020
Mak et al	13	unknown	unknown	unknown	Singapore/21/2020,Singapore/16/2020,Singapore/12Clin/2020,Singapore/15/2020,Singapore/14Clin/2020,Singapore/18/2020,Singapore/19/2020,Singapore/20/2020,Singapore/36/2020,Singapore/1/2020,Singapore/35/2020,Singapore/3Clin/2020,Singapore/17/2020
Iglesias-Caballero et al	22	unknown	unknown	unknown	Spain/Andalucia201373/2020,Spain/CastillaLaMancha201328/2020,Spain/CastillaLaMancha201329/2020,Spain/Madrid201449/2020,Spain/Andalucia201617/2020,Spain/CastillayLeon201437/2020,Spain/PaisVasco201493/2020,Spain/PaisVasco201602/2020,Spain/Canarias201495/2020,Spain/LaRioja201575/2020,Spain/PaisVasco201607/2020,Spain/CastillayLeon201323/2020,Spain/PaisVasco201382/2020,Spain/CastillayLeon201372/2020,Spain/Madrid201738/2020,Spain/Andalucia201272/2020,Spain/Madrid201105/2020,Spain/CastillayLeon201061/2020,Spain/Madrid201706/2020,Spain/Madrid201442/2020,Spain/Madrid201709/2020,Spain/Galicia201663/2020
Anderson et al	21	unknown	unknown	unknown	Singapore/13/2020,Singapore/4/2020,Singapore/12/2020,Singapore/14/2020,Singapore/23/2020,Singapore/30/2020,Singapore/22/2020,Singapore/34/2020,Singapore/2/2020,Singapore/6/2020,Singapore/25/2020,Singapore/29/2020,Singapore/26/2020,Singapore/28/2020,Singapore/31/2020,Singapore/32/2020,Singapore/24/2020,Singapore/33/2020,Singapore/3/2020,Singapore/5/2020,Singapore/27/2020
Dahdouh et al	15	unknown	unknown	unknown	Spain/Madrid_R2_15/2020,Spain/Madrid_R5_8/2020,Spain/Madrid_R10_33/2020,Spain/Madrid_H9_38/2020,Spain/Madrid_H2_16/2020,Spain/Madrid_LP14_3/2020,Spain/Madrid_LP10_12/2020,Spain/Madrid_LP15_4/2020,Spain/Madrid_H11_40/2020,Spain/Madrid_H8_37/2020,Spain/Madrid_H7_36/2020,Spain/Madrid_H5_34/2020,Spain/Madrid_H3_10/2020,Spain/Madrid_H10_39/2020,Spain/Madrid_LP12_21/2020
Caly et al	113	unknown	unknown	unknown	Australia/VIC13/2020,Australia/VIC07/2020,Australia/VIC150/2020,Australia/VIC56/2020,Australia/VIC51/2020,Australia/VIC32/2020,Australia/VIC28/2020,Australia/VIC33/2020,Australia/VIC112/2020,Australia/VIC215/2020,Australia/VIC77/2020,Australia/VIC73/2020,Australia/VIC86/2020,Australia/VIC85/2020,Australia/VIC138/2020,Australia/VIC295/2020,Australia/VIC304/2020,Australia/VIC277/2020,Australia/VIC256/2020,Australia/VIC40/2020,Australia/VIC41/2020,Australia/VIC69/2020,Australia/VIC222/2020,Australia/VIC24/2020,Australia/VIC265/2020,Australia/VIC159/2020,Australia/VIC94/2020,Australia/VIC160/2020,Australia/VIC162/2020,Australia/VIC57/2020,Australia/VIC78/2020,Australia/VIC93/2020,Australia/VIC14/2020,Australia/VIC01/2020,Australia/VIC251/2020,Australia/VIC188/2020,Australia/VIC42/2020,Australia/VIC231/2020,Australia/VIC15/2020,Australia/VIC34/2020,Australia/VIC04/2020,Australia/VIC262/2020,Australia/VIC313/2020,Australia/VIC97/2020,Australia/VIC66/2020,Australia/VIC02/2020,Australia/VIC03/2020,Australia/VIC223/2020,Australia/VIC280/2020,Australia/VIC145/2020,Australia/VIC79/2020,Australia/VIC171/2020,Australia/VIC172/2020,Australia/VIC12/2020,Australia/VIC18/2020,Australia/VIC23/2020,Australia/VIC21/2020,Australia/VIC47/2020,Australia/VIC88/2020,Australia/VIC87/2020,Australia/VIC233/2020,Australia/VIC208/2020,Australia/VIC19/2020,Australia/VIC61/2020,Australia/VIC152/2020,Australia/VIC70/2020,Australia/VIC83/2020,Australia/VIC191/2020,Australia/VIC249/2020,Australia/VIC52/2020,Australia/VIC197/2020,Australia/VIC43/2020,Australia/VIC144/2020,Australia/VIC178/2020,Australia/VIC239/2020,Australia/VIC212/2020,Australia/VIC190/2020,Australia/VIC54/2020,Australia/VIC192/2020,Australia/VIC63/2020,Australia/VIC300/2020,Australia/VIC257/2020,Australia/VIC89/2020,Australia/VIC141/2020,Australia/VIC149/2020,Australia/VIC303/2020,Australia/VIC217/2020,Australia/VIC264/2020,Australia/VIC206/2020,Australia/VIC174/2020,Australia/VIC270/2020,Australia/VIC170/2020,Australia/VIC283/2020,Australia/VIC302/2020,Australia/VIC285/2020,Australia/VIC166/2020,Australia/VIC246/2020,Australia/VIC258/2020,Australia/VIC291/2020,Australia/VIC95/2020,Australia/VIC260/2020,Australia/VIC147/2020,Australia/VIC22/2020,Australia/VIC168/2020,Australia/VIC142/2020,Australia/VIC267/2020,Australia/VIC31/2020,Australia/VIC263/2020,Australia/VIC247/2020,Australia/VIC184/2020,Australia/VIC261/2020,Australia/VIC207/2020,Australia/VIC253/2020
Li et al	99	unknown	unknown	unknown	Shangrao/JX105/2020,Nanchang/JX90/2020,Nanchang/JX14/2020,Nanchang/JX39/2020,Nanchang/JX177/2020,Anhui/SZ005/2020,Beijing/233/2020,Beijing/231/2020,Beijing/105/2020,Beijing/235/2020,Nanchang/JX174/2020,USA/IL2/2020,USA/SC_3575/2020,USA/GA_2343/2020,USA/GA_2118/2020,USA/GA_1847/2020,USA/SC_6370/2020,USA/SC_3569/2020,USA/FL_9655/2020,Nanchang/JX149/2020,Shangrao/JX1948/2020,Nanchang/JXN3T4/2020,Jiujiang/JX22/2020,Shangrao/JX29/2020,Xinyu/JX122/2020,Ganzhou/JX81/2020,USA/FL_9656/2020,USA/IL_0089/2020,USA/UT_8199/2020,USA/DC_0004/2020,USA/NC_6999/2020,USA/AZ_8135/2020,USA/AZ_8132/2020,USA/VA_6382/2020,Pingxiang/JX5/2020,Hangzhou/HZCDC0049L/2020,Hangzhou/HZCDC0090L/2020,Hangzhou/HZCDC0091L/2020,Hangzhou/HZCDC0048L/2020,Hangzhou/HZCDC0048/2020,Hangzhou/HZCDC0091/2020,Hangzhou/HZCDC0090/2020,Hangzhou/HZCDC0119/2020,Hangzhou/HZCDC0135/2020,Hangzhou/HZCDC0162/2020,Hangzhou/HZCDC0001/2020,Shangrao/JX1178/2020,Pingxiang/JX151/2020,Hangzhou/HZCDC6706/2020,USA/NE_6605/2020,USA/NE_7025/2020,Shangrao/JX1974/2020,Shangrao/JX1215/2020,Shangrao/JX1176/2020,Shangrao/JX1177/2020,Jian/JX129/2020,Hangzhou/HZCDC0012/2020,Hangzhou/HZCDC0013/2020,Xinyu/JX124/2020,Nanchang/JX155/2020,Nanchang/JX176/2020,Jian/JX169/2020,Hangzhou/HZCDC0025/2020,Hangzhou/HZCDC0167/2020,USA/NV_0052/2020,Hangzhou/HZCDC6789/2020,USA/FL_9590/2020,USA/MO_4470/2020,USA/GA_1621/2020,USA/NH_0029/2020,USA/PA_1802/2020,USA/VA_6389/2020,USA/IN_2001/2020,USA/IA_6394/2020,USA/FL_1177/2020,USA/FL_7169/2020,USA/MD_0026/2020,USA/IL_0087/2020,USA/PA_4405/2020,USA/PA_4395/2020,USA/VA_6352/2020,USA/VA_6377/2020,USA/MA_4811/2020,USA/NC_0024/2020,USA/PA_2937/2020,USA/MA_3672/2020,USA/KS_4126/2020,USA/NC_0031/2020,USA/PA_2317/2020,USA/MA_3878/2020,USA/MA_0020/2020,USA/PA_1881/2020,USA/MA_3699/2020,USA/UT_8906/2020,USA/NH_0033/2020,USA/LA_0842/2020,USA/RI_0702/2020,USA/NJ_3592/2020,USA/OH_0023/2020
Fan et al	6	unknown	unknown	unknown	Beijing/Wuhan_IME-BJ07/2020,Beijing/Wuhan_IME-BJ04/2020,Beijing/Wuhan_IME-BJ03/2020,Beijing/Wuhan_IME-BJ02/2020,Beijing/Wuhan_IME-BJ01/2020,Beijing/Wuhan_IME-BJ05/2020
Potdar et al	2	unknown	unknown	unknown	India/1-31/2020,India/1-27/2020
Galiano et al	193	unknown	unknown	unknown	England/01/2020,England/02/2020,England/20129002004/2020,England/20144003804/2020,England/200690245/2020,England/200690300/2020,England/200690756/2020,England/20109093906/2020,England/20129099904/2020,England/200641094/2020,England/20148002504/2020,England/20148002404/2020,England/20126003006/2020,England/20146005804/2020,England/200690306/2020,England/20128034002/2020,England/20138063404/2020,England/20130032604/2020,England/20130032204/2020,England/201380277/2020,England/20132079304/2020,England/20139029904/2020,England/20146001704/2020,England/20148002104/2020,England/20146049204/2020,England/20132079204/2020,England/20148041104/2020,England/20139058604/2020,England/200990002/2020,England/200960041/2020,England/20142003904/2020,England/20146005704/2020,England/20102000106/2020,England/20139052904/2020,England/200960515/2020,England/20138087204/2020,England/20138024704/2020,England/20136088702/2020,England/20138024004/2020,England/20100001406/2020,England/201360134/2020,England/09c/2020,England/20146004504/2020,England/20134069004/2020,England/20146009204/2020,England/20102088002/2020,England/20148044604/2020,England/20134067904/2020,England/20132027004/2020,England/20144071504/2020,England/20144071404/2020,England/20138019404/2020,England/20132027204/2020,England/20129015704/2020,England/20134026904/2020,England/200940527/2020,England/200990725/2020,England/200990724/2020,England/20148041604/2020,England/20142083604/2020,England/20148048004/2020,England/20148046704/2020,England/20138063104/2020,England/20148039404/2020,England/20144014504/2020,England/20148003904/2020,England/20124012702/2020,England/20124035702/2020,England/20126104404/2020,England/20140002204/2020,England/20148006904/2020,England/20126034602/2020,England/20132000904/2020,England/20102087902/2020,England/20134005304/2020,England/200990006/2020,England/20144021404/2020,England/20126002404/2020,England/20139062804/2020,England/20144018704/2020,England/20144072804/2020,England/20146015504/2020,England/20146011804/2020,England/20144021604/2020,England/20146064604/2020,England/20144024204/2020,England/20144008204/2020,England/20144003604/2020,England/200990723/2020,England/20146019704/2020,England/20129083204/2020,England/20140003404/2020,England/20146005304/2020,England/20146005204/2020,England/20134078904/2020,England/20146069704/2020,England/20146069604/2020,England/20130054802/2020,England/20144000204/2020,England/201360067/2020,England/20148006604/2020,England/20139043404/2020,England/20138010904/2020,England/20130071804/2020,England/20129016404/2020,England/20139062304/2020,England/20139016804/2020,England/20139027204/2020,England/20099038206/2020,England/20144024304/2020,England/20144074804/2020,England/20144074904/2020,England/20129062604/2020,England/201360211/2020,England/20144074704/2020,England/20139003904/2020,England/20130062904/2020,England/20129174704/2020,England/20129038404/2020,England/20138082804/2020,England/20148004904/2020,England/20148004704/2020,England/20146025504/2020,England/20132108404/2020,England/20146018404/2020,England/20146001004/2020,England/20146019004/2020,England/20148043704/2020,England/20146025304/2020,England/20144071604/2020,England/20146006604/2020,England/20109035906/2020,England/20132024204/2020,England/20124030802/2020,England/20142026502/2020,England/20146008104/2020,England/20146006704/2020,England/20146006904/2020,England/20146063404/2020,England/20148003404/2020,England/20138015604/2020,England/20144067104/2020,England/20142023804/2020,England/20130036304/2020,England/201361041/2020,England/20134012504/2020,England/20139053004/2020,England/200981386/2020,England/20144024104/2020,England/20146062504/2020,England/20146004804/2020,England/20146004904/2020,England/20130054504/2020,England/20146064304/2020,England/20099107406/2020,England/20128033702/2020,England/20119026102/2020,England/20134024504/2020,England/20132000304/2020,England/20146007404/2020,England/20146062104/2020,England/20144071004/2020,England/20144076304/2020,England/20144076204/2020,England/20144075204/2020,England/20144072604/2020,England/20132108704/2020,England/20132004904/2020,England/20132053202/2020,England/20140037504/2020,England/20128065802/2020,England/20100022706/2020,England/20140048104/2020,England/20132090604/2020,England/20144017704/2020,England/20100121006/2020,England/20100121007/2020,England/20100004706/2020,England/20100004806/2020,England/200990660/2020,England/20100005406/2020,England/20144071804/2020,England/20134019502/2020,England/20138019704/2020,England/201360296/2020,England/20148065004/2020,England/20131103204/2020,England/20128018804/2020,England/20144074604/2020,England/20144074404/2020,England/20148026504/2020,England/201360184/2020,England/20146061504/2020
Kim et al	20	unknown	unknown	unknown	Korea/KCDC2003/2020,Korea/KCDC2002/2020,SouthKorea/KCDC05/2020,SouthKorea/KCDC24/2020,SouthKorea/KCDC07/2020,Korea/KCDC2006/2020,Korea/KCDC2008/2020,Korea/KCDC2009/2020,Korea/KCDC2011/2020,Korea/KCDC2010/2020,SouthKorea/KCDC03/2020,SouthKorea/KCDC06/2020,Korea/KCDC2014/2020,Korea/KCDC2013/2020,Korea/KCDC2012/2020,Korea/KCDC2004/2020,SouthKorea/KCDC12/2020,Korea/KCDC2007/2020,Korea/KCDC2005/2020,Korea/KCDC2001/2020
Tao et al	35	unknown	unknown	unknown	USA/AZ1/2020,USA/VA_6171/2020,USA/SC_3571/2020,USA/SC_3520/2020,USA/SC_3570/2020,USA/IL1/2020,USA/CA_2602/2020,USA/WA_5030/2020,USA/CA5/2020,USA/OR_2656/2020,USA/GA_2741/2020,USA/MA_1355/2020,USA/GA_2742/2020,USA/SC_3572/2020,USA/RI_0520/2020,USA/IA_6390/2020,USA/IA_6391/2020,USA/IA_6399/2020,USA/IA_6401/2020,USA/IA_6396/2020,USA/IA_6395/2020,USA/NJ_3201/2020,USA/MA_3653/2020,USA/MA_2652/2020,USA/MA_8932/2020,USA/MA_3614/2020,USA/MA_3642/2020,USA/MA_3616/2020,USA/MA_3626/2020,USA/MA_3623/2020,USA/MA_8933/2020,USA/MA_9703/2020,USA/MA_9704/2020,USA/MA_9889/2020,USA/NY_1922/2020
Jiang et al	5	unknown	unknown	unknown	Shandong/LY003/2020,Shandong/LY005/2020,Shandong/LY006/2020,Shandong/LY004/2020,Shandong/LY008/2020
Kang et al	18	unknown	unknown	unknown	SouthKorea/KUMC06/2020,SouthKorea/KUMC05/2020,SouthKorea/KUMC04/2020,SouthKorea/KUMC03/2020,Guangdong/20SF025/2020,Guangdong/20SF013/2020,Guangdong/20SF012/2020,Guangdong/20SF014/2020,Guangdong/20SF201/2020,Guangdong/20SF028/2020,Guangdong/20SF040/2020,Guangdong/20SF174/2020,Foshan/20SF207/2020,Foshan/20SF211/2020,Foshan/20SF210/2020,Guangzhou/20SF206/2020,SouthKorea/KUMC02/2020,SouthKorea/KUMC01/2020
Chan et al	2	unknown	unknown	unknown	Shenzhen/HKU-SZ-005/2020,Shenzhen/HKU-SZ-002/2020
Eden et al	8	unknown	unknown	unknown	Australia/NSW04/2020,Australia/NSW01/2020,Australia/NSW45/2020,Australia/NSW06/2020,Australia/NSW05/2020,Australia/NSW07/2020,Australia/NSW18/2020,Australia/NSW03/2020
Sekizuka et al	24	unknown	unknown	unknown	Japan/TY-WK-501/2020,Japan/TY-WK-521/2020,Japan/TY-WK-012/2020,Japan/AI-I-004/2020,Japan/OS-20-07-1/2020,Japan/NA-20-05-1/2020,Japan/KY-V-029/2020,Japan/TK-20-31-3/2020,Japan/P4-2/2020,Japan/P5-1/2020,Japan/P4-8/2020,Japan/P4-7/2020,Japan/P4-6/2020,Japan/P5-2/2020,Japan/P4-3/2020,Japan/P5-3/2020,Japan/P4-1/2020,Japan/P4-4/2020,Japan/P4-5/2020,Japan/P3-1/2020,Japan/P3-2/2020,Japan/P1/2020,Japan/P2-2/2020,Japan/P2-1/2020
Braun et al	1	unknown	unknown	unknown	Japan/UT-NCGM02/2020
Yang et al	7	unknown	unknown	unknown	Shenzhen/SZTH-002/2020,Taiwan/3/2020,Taiwan/4/2020,Shenzhen/SZTH-003/2020,Taiwan/2/2020,Taiwan/225/2020,Taiwan/144/2020
Walter et al	2	unknown	unknown	unknown	Germany/BavPat3/2020,Germany/BavPat2/2020
Huang et al	18	unknown	unknown	unknown	Australia/QLD02/2020,Australia/QLD03/2020,Australia/QLD01/2020,Australia/QLD04/2020,Australia/QLDID919/2020,Australia/QLDID931/2020,Australia/QLDID928/2020,Australia/QLDID922/2020,Australia/QLDID921/2020,Australia/QLD09/2020,Australia/QLDID929/2020,Australia/QLDID924/2020,Australia/QLDID926/2020,Australia/QLDID923/2020,Australia/QLDID920/2020,Australia/NSWID930/2020,Australia/QLDID925/2020,Australia/QLDID927/2020
Ngoi et al	14	unknown	unknown	unknown	Ghana/2828_S6/2020,Ghana/1651_S3/2020,Ghana/2850_S15/2020,Ghana/3177_S12/2020,Ghana/3176_S11/2020,Ghana/2230_S4/2020,Ghana/1565_S13/2020,Ghana/2914_S8/2020,Ghana/2853_S7/2020,Ghana/1659_S14/2020,Ghana/2944_S9/2020,Ghana/2986_S10/2020,Ghana/1622_S2/2020,Ghana/2333_S5/2020
Dia et al	23	unknown	unknown	unknown	Senegal/620/2020,Senegal/618/2020,Senegal/136/2020,Senegal/306/2020,Senegal/119/2020,Senegal/094/2020,Senegal/082/2020,Senegal/073/2020,Senegal/102/2020,Senegal/087/2020,Senegal/600/2020,Senegal/139/2020,Senegal/315/2020,Senegal/610/2020,Senegal/640/2020,Senegal/328/2020,Senegal/382/2020,Senegal/611/2020,Senegal/370/2020,Senegal/026/2020,Senegal/003/2020,Senegal/020/2020,Senegal/016/2020
Placide Mbala-Kingebeni et al	34	unknown	unknown	unknown	DRC/300/2020,DRC/299/2020,DRC/158/2020,DRC/KN-0059/2020,DRC/215/2020,DRC/523/2020,DRC/241/2020,DRC/KN-0038/2020,DRC/236/2020,DRC/191/2020,DRC/108/2020,DRC/402/2020,DRC/KN-0054/2020,DRC/KN-0043/2020,DRC/KN-0070/2020,DRC/73/2020,DRC/80/2020,DRC/KN-0072/2020,DRC/376/2020,DRC/396/2020,DRC/397/2020,DRC/KN-0058/2020,DRC/94/2020,DRC/214/2020,DRC/521/2020,DRC/248/2020,DRC/253/2020,DRC/82/2020,DRC/81/2020,DRC/KN-0017/2020,DRC/KN-13/2020,DRC/KN-0060/2020,DRC/243/2020,DRC/254/2020
Roychoudhury et al	194	unknown	unknown	unknown	USA/CT-UW158/2020,USA/CT-UW303/2020,USA/CT-UW260/2020,USA/WA-UW-1718/2020,USA/WA-UW172/2020,USA/UN-UW219/2020,USA/WA-UW163/2020,USA/WA-UW80/2020,USA/WA-UW101/2020,USA/OR-UW-1849/2020,USA/IL-UW381/2020,USA/WA-UW-1670/2020,USA/WA-UW37/2020,USA/WA-UW84/2020,USA/WA-UW218/2020,USA/WA-UW336/2020,USA/WA-UW-1905/2020,USA/UN-UW-1402/2020,USA/WA-UW286/2020,USA/UN-UW-1403/2020,USA/WA-UW323/2020,USA/WA-UW198/2020,USA/WA-UW-1591/2020,USA/WA-UW-1709/2020,USA/WA-UW-1731/2020,USA/WA-UW83/2020,USA/WA-UW281/2020,USA/WA-UW107/2020,USA/WA-UW261/2020,USA/WA-UW-1271/2020,USA/WA-UW-1321/2020,USA/MN-UW334/2020,USA/OR-UW-1937/2020,USA/WA-UW157/2020,USA/WA-UW180/2020,USA/WA-UW174/2020,USA/WA-UW15/2020,USA/WA-UW265/2020,USA/WA-UW245/2020,USA/WA-UW200/2020,USA/WA-UW188/2020,USA/WA-UW215/2020,USA/UN-UW354/2020,USA/WA-UW220/2020,USA/WA-UW59/2020,USA/WA-UW317/2020,USA/IL-UW-1265/2020,USA/WA4-UW2/2020,USA/WA-UW75/2020,USA/WA-UW222/2020,USA/WA-UW-1913/2020,USA/WA6-UW3/2020,USA/OR-UW-1887/2020,USA/WA-UW-1760/2020,USA/UN-UW-1816/2020,USA/UN-UW-1818/2020,USA/WA-UW-1730/2020,USA/WA-UW-1672/2020,USA/WA-UW106/2020,USA/WA-UW-1341/2020,USA/WA-UW90/2020,USA/WA-UW94/2020,USA/WA-UW298/2020,USA/WA-UW206/2020,USA/IL-UW350/2020,USA/WA-UW236/2020,USA/WA-UW-2164/2020,USA/WA-UW131/2020,USA/WA-UW-2082/2020,USA/WA-UW-2247/2020,USA/WA-UW99/2020,USA/WA-UW124/2020,USA/WA-UW184/2020,USA/WA-UW-1300/2020,USA/UN-UW382/2020,USA/WA-UW-1702/2020,USA/WA-UW-1583/2020,USA/WA-UW-1581/2020,USA/WA-UW-1855/2020,USA/WA-UW249/2020,USA/WA-UW103/2020,USA/WA-UW143/2020,USA/WA-UW118/2020,USA/WA-UW150/2020,USA/WA-UW253/2020,USA/WA-UW147/2020,USA/IL-UW-1311/2020,USA/OR-UW-1851/2020,USA/WA-UW-2193/2020,USA/IL-UW349/2020,USA/WA3-UW1/2020,USA/WA-UW-1645/2020,USA/WA-UW185/2020,USA/WA-UW-1917/2020,USA/CT-UW258/2020,USA/CT-UW271/2020,USA/CT-UW213/2020,USA/CT-UW159/2020,USA/ID-UW-4461/2020,USA/OR-UW135/2020,USA/ID-UW-2127/2020,USA/CT-UW331/2020,USA/CT-UW223/2020,USA/CT-UW238/2020,USA/CT-UW329/2020,USA/IL-UW353/2020,USA/CT-UW250/2020,USA/CT-UW-4347/2020,USA/CT-UW254/2020,USA/ID-UW-4400/2020,USA/IL-UW348/2020,USA/WA-UW-1570/2020,USA/WA-UW-2112/2020,USA/CT-UW-4346/2020,USA/WA-UW-2146/2020,USA/CT-UW328/2020,USA/CT-UW-1365/2020,USA/IL-UW351/2020,USA/CT-UW-4366/2020,USA/MN-UW257/2020,USA/MN-UW335/2020,USA/MN-UW251/2020,USA/MN-UW326/2020,USA/MN-UW243/2020,USA/MN-UW264/2020,USA/MN-UW266/2020,USA/ID-UW-4355/2020,USA/ID-UW-2198/2020,USA/ID-UW-4448/2020,USA/ID-UW-2255/2020,USA/ID-UW-2159/2020,USA/ID-UW-4433/2020,USA/ID-UW-4427/2020,USA/ID-UW-1957/2020,USA/ID-UW-2174/2020,USA/ID-UW-2134/2020,USA/OR-UW-1885/2020,USA/ID-UW-1938/2020,USA/ID-UW-2160/2020,USA/ID-UW-1935/2020,USA/WA-UW-1707/2020,USA/ID-UW-1939/2020,USA/ID-UW-4378/2020,USA/ID-UW-4396/2020,USA/WA-UW-1319/2020,USA/ID-UW-4375/2020,USA/ID-UW-4357/2020,USA/ID-UW-1925/2020,USA/ID-UW-1934/2020,USA/ID-UW-4424/2020,USA/WA-UW-2245/2020,USA/CT-UW256/2020,USA/ID-UW-4380/2020,USA/UN-UW-1407/2020,USA/WA-UW-2214/2020,USA/WA-UW-1753/2020,USA/WA-UW310/2020,USA/WA-UW-1567/2020,USA/WA-UW-1977/2020,USA/WA-UW-2212/2020,USA/WA-UW241/2020,USA/UN-UW-1292/2020,USA/WA-UW-1425/2020,USA/WA-UW191/2020,USA/WA-UW170/2020,USA/WA-UW-1306/2020,USA/WA-UW-1436/2020,USA/WA-UW282/2020,USA/CT-UW327/2020,USA/WA-UW-1697/2020,USA/WA-UW-1269/2020,USA/WA-UW109/2020,USA/WA-UW-2009/2020,USA/WA-UW-1435/2020,USA/WA-UW-2177/2020,USA/WA-UW-2208/2020,USA/WA-UW-1762/2020,USA/WA-UW-1874/2020,USA/CT-UW273/2020,USA/CT-UW272/2020,USA/WA-UW-1827/2020,USA/CT-UW-4372/2020,USA/CT-UW-4344/2020,USA/IL-UW352/2020,USA/CT-UW224/2020,USA/WA-UW-1690/2020,USA/WA-UW-1770/2020,USA/WA-UW-2087/2020,USA/WA-UW291/2020,USA/UN-UW-2139/2020,USA/WA-UW-1998/2020,USA/CT-UW259/2020,USA/OR-UW-4388/2020,USA/WA-UW-1478/2020
Maria Aguero-Rosenfeld et al	77	unknown	unknown	unknown	USA/NY-NYUMC37/2020,USA/NY-NYUMC24/2020,USA/NY-NYUMC95/2020,USA/NJ-NYUMC111/2020,USA/NY-NYUMC31/2020,USA/NY-NYUMC101/2020,USA/NY-NYUMC36/2020,USA/NY-NYUMC99/2020,USA/NY-NYUMC150/2020,USA/NY-NYUMC112/2020,USA/NY-NYUMC126/2020,USA/NY-NYUMC71/2020,USA/NY-NYUMC54/2020,USA/NY-NYUMC91/2020,USA/NY-NYUMC140/2020,USA/NY-NYUMC156/2020,USA/NY-NYUMC159/2020,USA/NY-NYUMC32/2020,USA/NY-NYUMC119/2020,USA/NY-NYUMC118/2020,USA/NY-NYUMC43/2020,USA/NY-NYUMC148/2020,USA/NY-NYUMC42/2020,USA/NY-NYUMC135/2020,USA/NY-NYUMC141/2020,USA/NY-NYUMC149/2020,USA/NJ-NYUMC83/2020,USA/NY-NYUMC157/2020,USA/NY-NYUMC74/2020,USA/NY-NYUMC127/2020,USA/NY-NYUMC136/2020,USA/NY-NYUMC144/2020,USA/NY-NYUMC97/2020,USA/NY-NYUMC27/2020,USA/NY-NYUMC146/2020,USA/NY-NYUMC52/2020,USA/NY-NYUMC155/2020,USA/NY-NYUMC151/2020,USA/NY-NYUMC139/2020,USA/NY-NYUMC128/2020,USA/NY-NYUMC142/2020,USA/NY-NYUMC129/2020,USA/NY-NYUMC158/2020,USA/NY-NYUMC30/2020,USA/NY-NYUMC133/2020,USA/NY-NYUMC41/2020,USA/NY-NYUMC130/2020,USA/NY-NYUMC137/2020,USA/NY-NYUMC134/2020,USA/NY-NYUMC154/2020,USA/NY-NYUMC147/2020,USA/NY-NYUMC123/2020,USA/NY-NYUMC124/2020,USA/NY-NYUMC145/2020,USA/NY-NYUMC160/2020,USA/NY-NYUMC132/2020,USA/NY-NYUMC114/2020,USA/NY-NYUMC48/2020,USA/NY-NYUMC73/2020,USA/NJ-NYUMC106/2020,USA/NJ-NYUMC84/2020,USA/NY-NYUMC86/2020,USA/NY-NYUMC93/2020,USA/NY-NYUMC138/2020,USA/NY-NYUMC143/2020,USA/NY-NYUMC152/2020,USA/NY-NYUMC34/2020,USA/NY-NYUMC125/2020,USA/NY-NYUMC56/2020,USA/NY-NYUMC78/2020,USA/NY-NYUMC87/2020,USA/NY-NYUMC85/2020,USA/NY-NYUMC161/2020,USA/NY-NYUMC131/2020,USA/NY-NYUMC29/2020,USA/NY-NYUMC153/2020,USA/NY-NYUMC55/2020
Division of Consolidated Laboratory Services et al	22	unknown	unknown	unknown	USA/VA-DCLS-0021/2020,USA/VA-DCLS-0024/2020,USA/VA-DCLS-0011/2020,USA/VA-DCLS-0017/2020,USA/VA-DCLS-0010/2020,USA/VA-DCLS-0043/2020,USA/VA-DCLS-0044/2020,USA/VA-DCLS-0042/2020,USA/VA-DCLS-0009/2020,USA/VA-DCLS-0008/2020,USA/VA-DCLS-0016/2020,USA/VA-DCLS-0005/2020,USA/VA-DCLS-0012/2020,USA/VA-DCLS-0020/2020,USA/VA-DCLS-0006/2020,USA/VA-DCLS-0007/2020,USA/VA-DCLS-0039/2020,USA/VA-DCLS-0038/2020,USA/VA-DCLS-0034/2020,USA/VA-DCLS-0036/2020,USA/VA-DCLS-0014/2020,USA/VA-DCLS-0031/2020
Nieuwenhuijse et al	165	unknown	unknown	unknown	Netherlands/Utrecht_17/2020,Netherlands/Utrecht_16/2020,Netherlands/NoordBrabant_46/2020,Netherlands/NoordBrabant_60/2020,Netherlands/ZuidHolland_21/2020,Netherlands/Utrecht_12/2020,Netherlands/ZuidHolland_7/2020,Netherlands/Oss_1363500/2020,Netherlands/Nieuwendijk_1363582/2020,Netherlands/NoordBrabant_10/2020,Netherlands/NoordBrabant_12/2020,Netherlands/NoordBrabant_54/2020,Netherlands/NoordBrabant_11/2020,Netherlands/Hardinxveld_Giessendam_1364806/2020,Netherlands/Andel_1365066/2020,Netherlands/Naarden_1364774/2020,Netherlands/NA_32/2020,Netherlands/NoordBrabant_42/2020,Netherlands/NA_33/2020,Netherlands/Tilburg_1363354/2020,Netherlands/NoordBrabant_24/2020,Netherlands/NoordBrabant_19/2020,Netherlands/NoordBrabant_44/2020,Netherlands/NoordBrabant_68/2020,Netherlands/NoordBrabant_49/2020,Netherlands/NoordBrabant_38/2020,Netherlands/NoordBrabant_18/2020,Netherlands/Loon_op_zand_1363512/2020,Netherlands/Dalen_1363624/2020,Netherlands/NoordBrabant_52/2020,Netherlands/NoordBrabant_57/2020,Netherlands/Limburg_6/2020,Netherlands/NoordBrabant_47/2020,Netherlands/Utrecht_19/2020,Netherlands/NoordBrabant_29/2020,Netherlands/NoordBrabant_35/2020,Netherlands/NoordBrabant_32/2020,Netherlands/NoordBrabant_31/2020,Netherlands/Rotterdam_1364040/2020,Netherlands/NA_22/2020,Netherlands/NoordBrabant_48/2020,Netherlands/NoordBrabant_27/2020,Netherlands/NoordBrabant_28/2020,Netherlands/NoordBrabant_30/2020,Netherlands/NA_6/2020,Netherlands/Limburg_4/2020,Netherlands/ZuidHolland_27/2020,Netherlands/ZuidHolland_16/2020,Netherlands/NA_21/2020,Netherlands/NA_29/2020,Netherlands/NoordBrabant_6/2020,Netherlands/ZuidHolland_8/2020,Netherlands/Utrecht_18/2020,Netherlands/NoordBrabant_23/2020,Netherlands/NA_35/2020,Netherlands/NoordBrabant_56/2020,Netherlands/NoordBrabant_22/2020,Netherlands/NoordBrabant_20/2020,Netherlands/NoordBrabant_25/2020,Netherlands/NA_14/2020,Netherlands/NoordBrabant_37/2020,Netherlands/NA_34/2020,Netherlands/NA_27/2020,Netherlands/ZuidHolland_5/2020,Netherlands/ZuidHolland_9/2020,Netherlands/NA_23/2020,Luxembourg/Lux1/2020,Netherlands/Delft_1363424/2020,Netherlands/ZuidHolland_28/2020,Netherlands/Diemen_1363454/2020,Netherlands/Helmond_1363548/2020,Netherlands/NoordHolland_2/2020,Netherlands/Utrecht_1/2020,Netherlands/ZuidHolland_2/2020,Netherlands/Limburg_5/2020,Netherlands/Utrecht_14/2020,Netherlands/Eindhoven_1363782/2020,Netherlands/ZuidHolland_23/2020,Netherlands/NA_8/2020,Netherlands/Utrecht_15/2020,Netherlands/ZuidHolland_26/2020,Netherlands/NA_12/2020,Netherlands/NoordBrabant_55/2020,Netherlands/ZuidHolland_20/2020,Netherlands/ZuidHolland_18/2020,Netherlands/NoordBrabant_36/2020,Netherlands/ZuidHolland_15/2020,Netherlands/ZuidHolland_19/2020,Netherlands/Limburg_3/2020,Netherlands/Utrecht_2/2020,Netherlands/ZuidHolland_6/2020,Netherlands/NA_15/2020,Netherlands/NA_26/2020,Netherlands/NA_11/2020,Netherlands/NoordBrabant_3/2020,Netherlands/NA_9/2020,Netherlands/NA_25/2020,Netherlands/NoordBrabant_2/2020,Netherlands/Utrecht_4/2020,Netherlands/Overijssel_1/2020,Netherlands/Utrecht_7/2020,Netherlands/Limburg_2/2020,Netherlands/Berlicum_1363564/2020,Netherlands/Utrecht_5/2020,Netherlands/ZuidHolland_14/2020,Netherlands/NoordBrabant_14/2020,Netherlands/NoordBrabant_15/2020,Netherlands/ZuidHolland_24/2020,Netherlands/NoordBrabant_58/2020,Netherlands/Gelderland_1/2020,Netherlands/ZuidHolland_1/2020,Netherlands/NA_19/2020,Netherlands/Rotterdam_1364740/2020,Netherlands/NoordHolland_1/2020,Netherlands/ZuidHolland_10/2020,Netherlands/Utrecht_10/2020,Netherlands/ZuidHolland_22/2020,Netherlands/Gelderland_3/2020,Netherlands/Utrecht_13/2020,Netherlands/ZuidHolland_11/2020,Netherlands/ZuidHolland_25/2020,Netherlands/NoordBrabant_45/2020,Netherlands/ZuidHolland_29/2020,Netherlands/NA_7/2020,Netherlands/ZuidHolland_13/2020,Netherlands/NA_2/2020,Netherlands/NoordBrabant_39/2020,Netherlands/NoordBrabant_26/2020,Netherlands/Tilburg_1364286/2020,Netherlands/Nootdorp_1364222/2020,Netherlands/Overijssel_2/2020,Netherlands/NoordBrabant_4/2020,Netherlands/NoordBrabant_17/2020,Netherlands/NoordBrabant_1/2020,Netherlands/Utrecht_8/2020,Netherlands/Utrecht_11/2020,Netherlands/NA_16/2020,Netherlands/NoordBrabant_16/2020,Netherlands/Zeewolde_1365080/2020,Netherlands/Blaricum_1364780/2020,Netherlands/NoordHolland_3/2020,Netherlands/NoordBrabant_59/2020,Netherlands/NA_1/2020,Netherlands/ZuidHolland_30/2020,Netherlands/NA_10/2020,Netherlands/NA_13/2020,Netherlands/Flevoland_1/2020,Netherlands/ZuidHolland_17/2020,Netherlands/NA_31/2020,Netherlands/ZuidHolland_31/2020,Netherlands/NoordBrabant_21/2020,Netherlands/Gelderland_2/2020,Netherlands/NoordBrabant_13/2020,NetherlandsL/Houten_1363498/2020,Netherlands/Utrecht_3/2020,Netherlands/Utrecht_1363564/2020,Netherlands/Utrecht_6/2020,Netherlands/Utrecht_1363628/2020,Netherlands/NA_28/2020,Netherlands/NA_17/2020,Netherlands/NA_18/2020,Netherlands/NA_20/2020,Netherlands/NA_24/2020,Netherlands/Haarlem_1363688/2020,Netherlands/NA_30/2020
Katarina Braun and Gage Moreno et al	9	unknown	unknown	unknown	USA/WI-06/2020,USA/WI-07/2020,USA/WI-09/2020,USA/WI-02/2020,USA/WI-08/2020,USA/WI-03/2020,USA/WI-10/2020,USA/WI-05/2020,USA/WI-04/2020
Moreno et al	107	unknown	unknown	unknown	USA/WI-77/2020,USA/WI-61/2020,USA/WI-117/2020,USA/WI-69/2020,USA/WI-38/2020,USA/WI-51/2020,USA/WI-50/2020,USA/WI-88/2020,USA/WI-96/2020,USA/WI-34/2020,USA/WI-116/2020,USA/WI-22/2020,USA/WI-66/2020,USA/WI-67/2020,USA/WI-70/2020,USA/WI-71/2020,USA/WI-73/2020,USA/WI-28/2020,USA/WI-33/2020,USA/WI-91/2020,USA/WI-15/2020,USA/WI-59/2020,USA/WI-39/2020,USA/WI-76/2020,USA/WI-23/2020,USA/WI-55/2020,USA/WI-47/2020,USA/WI-25/2020,USA/WI-43/2020,USA/WI-114/2020,USA/WI-24/2020,USA/WI-16/2020,USA/WI-79/2020,USA/WI-110/2020,USA/WI-18/2020,USA/WI-80/2020,USA/WI-108/2020,USA/WI-36/2020,USA/WI-81/2020,USA/WI-49/2020,USA/WI-26/2020,USA/WI-115/2020,USA/WI-60/2020,USA/WI-106/2020,USA/WI-37/2020,USA/WI-35/2020,USA/WI-32/2020,USA/WI-65/2020,USA/WI-112/2020,USA/WI-101/2020,USA/WI-85/2020,USA/WI-103/2020,USA/WI-95/2020,USA/WI-46/2020,USA/WI-64/2020,USA/WI-57/2020,USA/WI-40/2020,USA/WI-100/2020,USA/WI-107/2020,USA/WI-97/2020,USA/WI-90/2020,USA/WI-45/2020,USA/WI-27/2020,USA/WI-78/2020,USA/WI-82/2020,USA/WI-109/2020,USA/WI-99/2020,USA/WI-86/2020,USA/WI-19/2020,USA/WI-111/2020,USA/WI-14/2020,USA/WI-21/2020,USA/WI-52/2020,USA/WI-63/2020,USA/WI-12/2020,USA/WI-84/2020,USA/WI-17/2020,USA/WI-113/2020,USA/WI-30/2020,USA/WI-13/2020,USA/WI-42/2020,USA/WI-54/2020,USA/WI-58/2020,USA/WI-89/2020,USA/WI-87/2020,USA/WI-62/2020,USA/WI-75/2020,USA/WI-94/2020,USA/WI-98/2020,USA/WI-72/2020,USA/WI-31/2020,USA/WI-105/2020,USA/WI-102/2020,USA/WI-93/2020,USA/WI-44/2020,USA/WI-53/2020,USA/WI-92/2020,USA/WI-74/2020,USA/WI-29/2020,USA/WI-41/2020,USA/WI-56/2020,USA/WI-48/2020,USA/WI-83/2020,USA/WI-11/2020,USA/WI-68/2020,USA/WI-118/2020,USA/WI-104/2020
Storey et al	5	unknown	unknown	unknown	NewZealand/20VR0276/2020,NewZealand/20VR0206/2020,NewZealand/01/2020,NewZealand/20VR0189/2020,NewZealand/20VR019/2020
Uehara et al	5	unknown	unknown	unknown	USA/CA1/2020,USA/TX_2020/2020,USA/CA2/2020,USA/FL_5125/2020,USA/FL_5091/2020
Dominic N.C. Tsang et al	9	unknown	unknown	unknown	HongKong/VM20001061/2020,HongKong/VB20026565/2020,HongKong/VM20002849/2020,HongKong/VM20002493/2020,HongKong/VM20002582/2020,HongKong/VB20024950/2020,HongKong/VM20002507/2020,HongKong/VM20002907/2020,HongKong/VM20002868/2020
Kenneth Siu-Sing LEUNG et al	48	unknown	unknown	unknown	HongKong/HKPU1_2101/2020,HongKong/HKPU57-0702/2020,HongKong/HKPU63-1402/2020,HongKong/HKPU6_2101/2020,HongKong/HKPU60-0802/2020,HongKong/HKPU66-2501/2020,HongKong/HKPU20_3001/2020,HongKong/HKPU54-0302/2020,HongKong/HKPU53-0802/2020,HongKong/HKPU2_1801/2020,HongKong/HKPU48-0202/2020,HongKong/HKPU42-0302/2020,HongKong/HKPU61-0202/2020,HongKong/HKPU76-0802/2020,HongKong/HKPU86-1802/2020,HongKong/HKPU19_0402/2020,HongKong/HKPU12_2201/2020,HongKong/HKPU49-3001/2020,HongKong/HKPU52-3101/2020,HongKong/HKPU28_3001/2020,HongKong/HKPU17_2201/2020,HongKong/HKPU65-1202/2020,HongKong/HKPU92-1302/2020,HongKong/HKPU70-1302/2020,HongKong/HKPU74-1302/2020,HongKong/HKPU73-0802/2020,HongKong/HKPU91-2002/2020,HongKong/HKPU84-2502/2020,HongKong/HKPU64-1202/2020,HongKong/HKPU89-2502/2020,HongKong/HKPU83-1702/2020,HongKong/HKPU45-0502/2020,HongKong/HKPU36-0702/2020,HongKong/HKPU38-3001/2020,HongKong/HKPU34_3001/2020,HongKong/HKPU41-0802/2020,HongKong/HKPU32_0402/2020,HongKong/HKPU90-1602/2020,HongKong/HKPU23_2601/2020,HongKong/HKPU27_3001/2020,HongKong/HKPU_2801/2020,HongKong/HKPU33_0202/2020,HongKong/HKPU29_0102/2020,HongKong/HKPU40-2801/2020,HongKong/HKPU39-3001/2020,HongKong/HKPU30_2901/2020,HongKong/HKPU43-0202/2020,HongKong/HKPU44-0102/2020
Le Quynh Mai et al	5	unknown	unknown	unknown	Vietnam/CM99/2020,Vietnam/38142/2020,Vietnam/CM296/2020,Vietnam/CM295/2020,Vietnam/39607/2020
Ung Thi Hong Trang et al	1	unknown	unknown	unknown	Vietnam/VR03-38142/2020
Craig Richmond & Paraic Kenny et al	8	unknown	unknown	unknown	USA/WI-GMF-00049/2020,USA/WI-GMF-00228/2020,USA/WI-GMF-00281/2020,USA/WI-GMF-00018/2020,USA/WI-GMF-00466/2020,USA/WI-GMF-00498/2020,USA/WI-GMF-00232/2020,USA/WI-GMF-00557/2020
Ana Gonzalez-Reiche et al	59	unknown	unknown	unknown	USA/NY-PV08490/2020,USA/NY-PV09156/2020,USA/NY-PV09147/2020,USA/NY-PV09182/2020,USA/NY-PV09200/2020,USA/NY-PV08462/2020,USA/NY-PV09303/2020,USA/NY-PV09090/2020,USA/NY-PV09161/2020,USA/NY-PV09170/2020,USA/NY-PV08463/2020,USA/NY-PV09077/2020,USA/NY-PV09168/2020,USA/NY-PV08429/2020,USA/NY-PV09164/2020,USA/NY-PV09039/2020,USA/NY-PV08438/2020,USA/NY-PV08434/2020,USA/NY-PV09129/2020,USA/NY-PV09139/2020,USA/NY-PV09025/2020,USA/NY-PV09023/2020,USA/NY-PV08481/2020,USA/NY-PV09098/2020,USA/NY-PV09197/2020,USA/NY-PV08149/2020,USA/NY-PV09125/2020,USA/NY-PV09128/2020,USA/NY-PV09176/2020,USA/NY-PV09158/2020,USA/NY-PV09046/2020,USA/NY-PV09199/2020,USA/NY-PV09192/2020,USA/NY-PV09157/2020,USA/NY-PV08109/2020,USA/NY-PV09028/2020,USA/NY-PV08449/2020,USA/NY-PV09120/2020,USA/NY-PV09123/2020,USA/NY-PV09032/2020,USA/NY-PV09060/2020,USA/NY-PV09047/2020,USA/NY-PV09030/2020,USA/NY-PV08447/2020,USA/NY-PV09304/2020,USA/NY-PV08419/2020,USA/NY-PV08493/2020,USA/NY-PV08416/2020,USA/NJ-PV09072/2020,USA/NY-PV08444/2020,USA/NY-PV09134/2020,USA/NY-PV08478/2020,USA/NY-PV09149/2020,USA/NY-PV09019/2020,USA/NY-PV08400/2020,USA/NY-PV08456/2020,USA/NY-PV08492/2020,USA/NY-PV09118/2020,USA/NY-PV08402/2020
Yeh et al	19	unknown	unknown	unknown	Taiwan/NTU13/2020,Taiwan/NTU01/2020,Taiwan/NTU07/2020,Taiwan/NTU02/2020,Taiwan/NTU04/2020,Taiwan/NTU11/2020,Taiwan/NTU06/2020,Taiwan/NTU14/2020,Taiwan/NTU16/2020,Taiwan/NTU19/2020,Taiwan/NTU21/2020,Taiwan/NTU12/2020,Taiwan/NTU15/2020,Taiwan/NTU03/2020,Taiwan/NTU08/2020,Taiwan/NTU05/2020,Taiwan/NTU17/2020,Taiwan/NTU20/2020,Taiwan/NTU09/2020
Seemann et al	15	unknown	unknown	unknown	Australia/VIC108/2020,Australia/VIC126/2020,Australia/VIC111/2020,Australia/VIC132/2020,Australia/VIC322/2020,Australia/VIC120/2020,Australia/VIC134/2020,Australia/VIC109/2020,Australia/VIC311/2020,Australia/VIC310/2020,Australia/VIC309/2020,Australia/VIC114/2020,Australia/VIC136/2020,Australia/VIC131/2020,Australia/VIC107/2020
Wellington SCL et al	1	unknown	unknown	unknown	NewZealand/20VR0275/2020
Young et al	49	unknown	unknown	unknown	USA/UT-00288/2020,USA/UT-00020/2020,USA/UT-00055/2020,USA/UT-00014/2020,USA/UPHL-03/2020,USA/UT-00016/2020,USA/UT-00012/2020,USA/UT-00284/2020,USA/UT-00159/2020,USA/UT-00010/2020,USA/UPHL-01/2020,USA/UT-00287/2020,USA/UT-00011/2020,USA/UT-00139/2020,USA/UT-00090/2020,USA/UT-00032/2020,USA/UT-00023/2020,USA/UT-00008/2020,USA/UT-00089/2020,USA/UT-00031/2020,USA/UT-00009/2020,USA/UT-00347/2020,USA/UT-00344/2020,USA/UT-00342/2020,USA/UT-00348/2020,USA/UT-00033/2020,USA/UT-00022/2020,USA/UT-00021/2020,USA/UT-00297/2020,USA/UT-00034/2020,USA/UPHL-05/2020,USA/UT-00019/2020,USA/UT-00035/2020,USA/UT-00291/2020,USA/UT-00290/2020,USA/UT-00027/2020,USA/UT-00300/2020,USA/UT-00349/2020,USA/UT-00350/2020,USA/UT-00364/2020,USA/UT-00303/2020,USA/UT-00352/2020,USA/UT-00301/2020,USA/UT-00028/2020,USA/UT-00361/2020,USA/UT-00025/2020,USA/UT-00346/2020,USA/UT-00345/2020,USA/UT-00289/2020
Batty et al	5	unknown	unknown	unknown	Thailand/Bangkok-CONI-0019/2020,Thailand/Bangkok-CONI-0017/2020,Thailand/Bangkok-CONI-0022/2020,Thailand/Bangkok-CONI-0021/2020,Thailand/Bangkok-CONI-0020/2020
Mohd Noor Mat Isa et al	6	unknown	unknown	unknown	Malaysia/MKAK-CL-2020-5096/2020,Malaysia/MKAK-CL-2020-6430/2020,Malaysia/MKAK-CL-2020-5045/2020,Malaysia/MKAK-CL-2020-5049/2020,Malaysia/MKAK-CL-2020-5047/2020,Malaysia/MKAK-CL-2020-7554/2020
Vanmechelen et al	35	unknown	unknown	unknown	Belgium/GHB-03021/2020,Belgium/CG-030158/2020,Belgium/Human/CS-031052/2020,Belgium/VPE-030650/2020,Belgium/HAA-030953/2020,Belgium/BM-03012/2020,Belgium/SN-03031/2020,Belgium/VLM-03011/2020,Belgium/VAG-03013/2020,Belgium/DB-03023/2020,Belgium/DBD-03024/2020,Belgium/QKJ-03015/2020,Belgium/BG-030955/2020,Belgium/UMF-03025/2020,Belgium/VS-030542/2020,Belgium/DBA-03032/2020,Belgium/JRH-030459/2020,Belgium/MTR-03021/2020,Belgium/MTR-03026/2020,Belgium/BC-03016/2020,Belgium/GMH-03022/2020,Belgium/DWAEE-030954/2020,Belgium/SH-03014/2020,Belgium/VRAR-030643/2020,Belgium/GL-030546/2020,Belgium/SS-031047/2020,Belgium/VHRA-030644/2020,Belgium/RS-030257/2020,Belgium/RT-030460/2020,Belgium/LT-030956/2020,Belgium/BG-030551/2020,Belgium/VDLH-030548/2020,Belgium/NKR-030645/2020,Belgium/BA-02291/2020,Belgium/GS-030549/2020
Neris Garcia-Gonzalez et al	10	unknown	unknown	unknown	Spain/Valencia94/2020,Spain/Valencia95/2020,Spain/Valencia20/2020,Spain/Valencia15/2020,Spain/Valencia74/2020,Spain/Valencia31/2020,Spain/Valencia60/2020,Spain/Valencia7/2020,Spain/Valencia25/2020,Spain/Valencia85/2020
Loreto Ferrus Abad et al	7	unknown	unknown	unknown	Spain/Valencia53/2020,Spain/Valencia32/2020,Spain/Valencia98/2020,Spain/Valencia46/2020,Spain/Valencia63/2020,Spain/Valencia87/2020,Spain/Valencia86/2020
Lidia Ruiz Roldan et al	5	unknown	unknown	unknown	Spain/Valencia92/2020,Spain/Valencia58/2020,Spain/Valencia27/2020,Spain/Valencia72/2020,Spain/Valencia83/2020
Guiomar et al et al	59	unknown	unknown	unknown	Portugal/PT0064/2020,Portugal/PT0042/2020,Portugal/PT0041/2020,Portugal/PT0015/2020,Portugal/PT0058/2020,Portugal/PT0040/2020,Portugal/PT0036/2020,Portugal/PT0035/2020,Portugal/PT0020/2020,Portugal/PT0084/2020,Portugal/PT0019/2020,Portugal/PT0062/2020,Portugal/PT0026/2020,Portugal/PT0009/2020,Portugal/PT0031/2020,Portugal/PT0029/2020,Portugal/PT0030/2020,Portugal/PT0007/2020,Portugal/PT0028/2020,Portugal/PT0016/2020,Portugal/PT0010/2020,Portugal/PT0001b/2020,Portugal/PT0038/2020,Portugal/PT0071/2020,Portugal/PT0075/2020,Portugal/PT0070/2020,Portugal/PT0073/2020,Portugal/PT0065/2020,Portugal/PT0085/2020,Portugal/PT0066/2020,Portugal/PT0033/2020,Portugal/PT0083/2020,Portugal/PT0022/2020,Portugal/PT0034/2020,Portugal/PT0053/2020,Portugal/PT0050/2020,Portugal/PT0049/2020,Portugal/PT0086/2020,Portugal/PT0023/2020,Portugal/PT0017/2020,Portugal/PT0008/2020,Portugal/PT0061/2020,Portugal/PT0005/2020,Portugal/PT0057/2020,Portugal/PT0024/2020,Portugal/PT0018/2020,Portugal/PT0013/2020,Portugal/PT0014/2020,Portugal/PT0012/2020,Portugal/PT0003/2020,Portugal/PT0004/2020,Portugal/PT0011/2020,Portugal/PT0027/2020,Portugal/PT0006a/2020,Portugal/PT0025/2020,Portugal/PT0032/2020,Portugal/PT0039/2020,Portugal/PT0021/2020,Portugal/PT0037/2020
Gisela Barrera Badillo et al	1	unknown	unknown	unknown	Mexico/Queretaro-InDRE_04/2020
Blankenship et al	9	unknown	unknown	unknown	USA/MI-SC2-0004/2020,USA/MI-SC2-0003/2020,USA/MI-SC2-0002/2020,USA/MI-SC2-0006/2020,USA/MI-SC2-0009/2020,USA/MI-SC2-0005/2020,USA/MI-SC2-0007/2020,USA/MI-SC2-0008/2020,USA/MI-SC2-0001/2020
Castillo et al	4	unknown	unknown	unknown	Chile/Talca-1/2020,Chile/Talca-2/2020,Chile/Santiago-1/2020,Chile/Santiago-2/2020
Adams et al	57	unknown	unknown	unknown	Germany/NRW-39/2020,Germany/NRW-15/2020,Germany/NRW-31/2020,Germany/NRW-09/2020,Germany/NRW-10/2020,Germany/NRW-50/2020,Germany/NRW-04/2020,Germany/NRW-07/2020,Germany/NRW-08/2020,Germany/NRW-01/2020,Germany/NRW-02-1/2020,Germany/NRW-06/2020,Germany/NRW-05/2020,Germany/NRW-03/2020,Germany/NRW-17/2020,Germany/NRW-14/2020,Germany/NRW-16/2020,Germany/NRW-46/2020,Germany/NRW-35/2020,Germany/NRW-55/2020,Germany/NRW-45/2020,Germany/NRW-011/2020,Germany/NRW-13/2020,Germany/NRW-41/2020,Germany/NRW-19/2020,Germany/NRW-48/2020,Germany/NRW-30/2020,Germany/NRW-51/2020,Germany/NRW-54/2020,Germany/NRW-33/2020,Germany/NRW-36/2020,Germany/NRW-34/2020,Germany/NRW-44/2020,Germany/NRW-43/2020,Germany/NRW-47/2020,Germany/NRW-25/2020,Germany/NRW-52/2020,Germany/NRW-38/2020,Germany/NRW-32/2020,Germany/NRW-12/2020,Germany/NRW-49/2020,Germany/NRW-18/2020,Germany/NRW-42.2/2020,Germany/NRW-42.3/2020,Germany/NRW-40/2020,Germany/NRW-21/2020,Germany/NRW-20/2020,Germany/NRW-24/2020,Germany/NRW-26/2020,Germany/NRW-22/2020,Germany/NRW-29/2020,Germany/NRW-28/2020,Germany/NRW-27/2020,Germany/NRW-53/2020,Germany/NRW-42/2020,Germany/NRW-23/2020,Germany/NRW-37/2020
Irma Lopez Martinez et al	1	unknown	unknown	unknown	Mexico/EdoMex-InDRE_03/2020
Marcela Mercado-Reyes et al	2	unknown	unknown	unknown	Colombia/Antioquia79256/2020,Colombia/Bogota78390/2020
McHugh et al	71	unknown	unknown	unknown	Scotland/EDB348/2020,Scotland/EDB222/2020,Scotland/EDB012/2020,Scotland/EDB399/2020,Scotland/EDB110/2020,Scotland/EDB410/2020,Scotland/EDB034/2020,Scotland/EDB202/2020,Scotland/EDB191/2020,Scotland/EDB063/2020,Scotland/EDB044/2020,Scotland/EDB106/2020,Scotland/EDB182/2020,Scotland/EDB053/2020,Scotland/EDB530/2020,Scotland/EDB533/2020,Scotland/EDB068/2020,Scotland/EDB041/2020,Scotland/EDB183/2020,Scotland/EDB378/2020,Scotland/EDB560/2020,Scotland/EDB019/2020,Scotland/EDB119/2020,Scotland/EDB120/2020,Scotland/EDB099/2020,Scotland/EDB098/2020,Scotland/EDB365/2020,Scotland/EDB100/2020,Scotland/EDB561/2020,Scotland/EDB383/2020,Scotland/EDB327/2020,Scotland/EDB513/2020,Scotland/EDB038/2020,Scotland/EDB008/2020,Scotland/EDB148/2020,Scotland/EDB234/2020,Scotland/EDB171/2020,Scotland/EDB033/2020,Scotland/EDB101/2020,Scotland/EDB035/2020,Scotland/EDB270/2020,Scotland/EDB018/2020,Scotland/EDB030/2020,Scotland/EDB186/2020,Scotland/EDB118/2020,Scotland/EDB156/2020,Scotland/EDB562/2020,Scotland/EDB379/2020,Scotland/EDB248/2020,Scotland/EDB162/2020,Scotland/EDB036/2020,Scotland/EDB245/2020,Scotland/EDB144/2020,Scotland/EDB342/2020,Scotland/EDB502/2020,Scotland/EDB130/2020,Scotland/EDB087/2020,Scotland/EDB114/2020,Scotland/EDB181/2020,Scotland/EDB194/2020,Scotland/EDB397/2020,Scotland/EDB288/2020,Scotland/EDB103/2020,Scotland/EDB517/2020,Scotland/EDB319/2020,Scotland/EDB128/2020,Scotland/EDB389/2020,Scotland/EDB124/2020,Scotland/EDB508/2020,Scotland/EDB142/2020,Scotland/EDB122/2020
Albert et al	114	unknown	unknown	unknown	France/GE1583/2020,France/IDF0626/2020,France/IDF0515/2020,France/IDF0373/2020,France/IDF0372/2020,France/B2334/2020,France/B2340/2020,France/IDF2561/2020,France/IDF2792/2020,France/CVL3365/2020,France/IDF3236/2020,France/GE1973/2020,France/IDF2849/2020,France/IDF3212/2020,France/IDF3235/2020,France/IDF2534/2020,France/BFC2147/2020,France/HF1870/2020,France/BFC2094/2020,France/BFC2709/2020,France/GE3067/2020,France/IDF2278/2020,France/IDF3230/2020,France/IDF2536/2020,France/CVL2000/2020,France/HF2496/2020,France/IDF3165/2020,France/IDF2848/2020,France/HF2196/2020,France/HF2151/2020,France/IDF3324/2020,France/GE2722/2020,France/IDF2279/2020,France/IDF3276/2020,France/IDF2420/2020,France/IDF2684/2020,France/GE2720/2020,France/HF2797/2020,France/N1620/2020,France/N2223/2020,France/IDF3029/2020,France/B1623/2020,France/IDF3345/2020,France/HF2155/2020,France/HF2174/2020,France/GE1977/2020,France/GE2843/2020,France/IDF3170/2020,France/HF2948/2020,France/HF1993/2020,France/HF1995/2020,France/HF3293/2020,France/HF2239/2020,France/IDF2533/2020,France/IDF2410/2020,France/IDF2532/2020,France/HF2393/2020,France/HF1684/2020,France/HF2748/2020,France/HF2597/2020,France/HF2060/2020,France/IDF1980/2020,France/IDF2768/2020,France/HF2405/2020,France/HF2234/2020,France/PL1643/2020,France/HF1813/2020,France/B2330/2020,France/HF3036/2020,France/HF1465/2020,France/B2348/2020,France/HF1986/2020,France/IDF3274/2020,France/B2349/2020,France/B2344/2020,France/B2351/2020,France/HF2039/2020,France/HF2946/2020,France/HF2237/2020,France/HF3138/2020,France/HF3290/2020,France/HF3141/2020,France/HF1989/2020,France/HF2601/2020,France/HF3295/2020,France/HF1988/2020,France/IDF2075/2020,France/IDF2412/2020,France/IDF2414/2020,France/IDF3040/2020,Algeria/G0860_2262/2020,France/HF2306/2020,Algeria/G0638_2264/2020,Algeria/G0640_2265/2020,France/IDF2548/2020,France/HF1871/2020,France/HF2595/2020,France/IDF2256/2020,France/IDF2936/2020,France/IDF3218/2020,France/IDF2359/2020,France/IDF3163/2020,France/HF1645/2020,France/HF2150/2020,France/HF2586/2020,France/IDF2284/2020,France/B2337/2020,France/B2336/2020,France/B2335/2020,France/HF1795/2020,France/IDF2989/2020,France/HF2381/2020,France/B2346/2020,France/B2343/2020
Navarro et al	10	unknown	unknown	unknown	Spain/Valencia2/2020,Spain/Valencia68/2020,Spain/Valencia3/2020,Spain/Valencia54/2020,Spain/Valencia55/2020,Spain/Valencia52/2020,Spain/Valencia49/2020,Spain/Valencia1/2020,Spain/Valencia88/2020,Spain/Valencia41/2020
Griselda De Marco et al	10	unknown	unknown	unknown	Spain/Valencia24/2020,Spain/Valencia19/2020,Spain/Valencia6/2020,Spain/Valencia29/2020,Spain/Valencia70/2020,Spain/Valencia14/2020,Spain/Valencia56/2020,Spain/Valencia81/2020,Spain/Valencia90/2020,Spain/Valencia44/2020
Nascimento et al	1	unknown	unknown	unknown	Brazil/AMBR-02/2020
Maria Alma Bracho et al	12	unknown	unknown	unknown	Spain/Valencia10/2020,Spain/Valencia9/2020,Spain/Valencia26/2020,Spain/Valencia37/2020,Spain/Valencia21/2020,Spain/Valencia4/2020,Spain/Valencia89/2020,Spain/Valencia11/2020,Spain/Valencia79/2020,Spain/Valencia43/2020,Spain/Valencia16/2020,Spain/Valencia69/2020
Murtskhvaladze et al	4	unknown	unknown	unknown	Georgia/Tb-390/2020,Georgia/Tb-1523/2020,Georgia/Tb-273/2020,Georgia/Tb-673/2020
Marta Pla Diaz et al	5	unknown	unknown	unknown	Spain/Valencia30/2020,Spain/Valencia59/2020,Spain/Valencia73/2020,Spain/Valencia93/2020,Spain/Valencia84/2020
Ansari et al	1	unknown	unknown	unknown	Spain/Valencia67/2020
Beamud et al	5	unknown	unknown	unknown	Spain/Valencia71/2020,Spain/Valencia28/2020,Spain/Valencia57/2020,Spain/Valencia82/2020,Spain/Valencia91/2020
Moore et al	121	unknown	unknown	unknown	Wales/PHWC-2569A/2020,Wales/PHWC-24112/2020,Wales/PHWC-24DF0/2020,Wales/PHWC-24BAB/2020,Wales/PHWC-25A52/2020,Wales/PHWC-2517B/2020,Wales/PHWC-25C98/2020,Wales/PHWC-25A9E/2020,Wales/PHWC-2414F/2020,Wales/PHWC-25B13/2020,Wales/PHWC-25014/2020,Wales/PHWC-24033/2020,Wales/PHWC-264CC/2020,Wales/PHWC-2466E/2020,Wales/PHWC-243A3/2020,Wales/PHWC-26338/2020,Wales/PHWC-24929/2020,Wales/PHWC-24F72/2020,Wales/PHWC-24B8D/2020,Wales/PHWC-256D6/2020,Wales/PHWC-25427/2020,Wales/PHWC-25DB3/2020,Wales/PHWC-23D79/2020,Wales/PHWC-240F7/2020,Wales/PHWC-25524/2020,Wales/PHWC-24CC6/2020,Wales/PHWC-2491A/2020,Wales/PHWC-25797/2020,Wales/PHWC-243EF/2020,Wales/PHWC-25463/2020,Wales/PHWC-2422E/2020,Wales/PHWC-247F2/2020,Wales/PHWC-25472/2020,Wales/PHWC-24C7B/2020,Wales/PHWC-24ABD/2020,Wales/PHWC-24464/2020,Wales/PHWC-2658D/2020,Wales/PHWC-24ADB/2020,Wales/PHWC-24C3F/2020,Wales/PHW32/2020,Wales/PHWC-260F5/2020,Wales/PHWC-25788/2020,Wales/PHWC-262E0/2020,Wales/PHWC-23F73/2020,Wales/PHWC-25DC2/2020,Wales/PHWC-25F08/2020,Wales/PHWC-26C97/2020,Wales/PHWC-23E76/2020,Wales/PHWC-240D9/2020,Wales/PHWC-25928/2020,Wales/PHWC-25779/2020,Wales/PHWC-24279/2020,Wales/PHWC-26DEF/2020,Wales/PHWC-2481D/2020,Wales/PHWC-25F26/2020,Wales/PHWC-2622C/2020,Wales/PHWC-26550/2020,Wales/PHWC-25418/2020,Wales/PHWC-24B23/2020,Wales/PHWC-243D0/2020,Wales/PHWC-2574C/2020,Wales/PHWC-25E83/2020,Wales/PHWC-251B7/2020,Wales/PHWC-25FBD/2020,Wales/PHWC-2559D/2020,Wales/PHWC-23AFA/2020,Wales/PHWC-25B7D/2020,Wales/PHWC-23AEB/2020,Wales/PHWC-26B4F/2020,Wales/PHWC-25551/2020,Wales/PHWC-269BE/2020,Wales/PHWC-26DC1/2020,Wales/PHWC-2656F/2020,Wales/PHWC-263B0/2020,Wales/PHWC-24F09/2020,Wales/PHWC-247C5/2020,Wales/PHWC-26F61/2020,Wales/PHWC-26444/2020,Wales/PHWC-26A8E/2020,Wales/PHWC-267B4/2020,Wales/PHWC-263ED/2020,Wales/PHWC-2506F/2020,Wales/PHWC-25BD7/2020,Wales/PHWC-26927/2020,Wales/PHWC-24895/2020,Wales/PHWC-265BA/2020,Wales/PHWC-25454/2020,Wales/PHWC-246B9/2020,Wales/PHWC-2704F/2020,Wales/PHW17/2020,Wales/PHWC-26E37/2020,Wales/PHWC-26954/2020,Wales/PHWC-25621/2020,Wales/PHWC-241A9/2020,Wales/PHWC-26ECE/2020,Wales/PHW27/2020,Wales/PHWC-252B4/2020,Wales/PHWC-270B8/2020,Wales/PHWC-27021/2020,Wales/PHWC-24DA5/2020,Wales/PHWC-26BC7/2020,Wales/PHWC-24367/2020,Wales/PHWC-23E1C/2020,Wales/PHWC-25A8F/2020,Wales/PHWC-2624A/2020,Wales/PHWC-2522D/2020,Wales/PHWC-266F3/2020,Wales/PHW1/2020,Wales/PHWC-267A5/2020,Wales/PHWC-260B9/2020,Wales/PHWC-26839/2020,Wales/PHWC-260D7/2020,Wales/PHWC-26611/2020,Wales/PHWC-262D1/2020,Wales/PHWC-25FCC/2020,Wales/PHWC-23D4C/2020,Wales/PHWC-25C4D/2020,Wales/PHWC-264AE/2020,Wales/PHWC-26A33/2020,Wales/PHWC-26D58/2020,Wales/PHWC-26602/2020
Ana da Silva Filipe et al	53	unknown	unknown	unknown	Scotland/CVR185/2020,Scotland/CVR65/2020,Scotland/CVR75/2020,Scotland/CVR14/2020,Scotland/CVR161/2020,Scotland/CVR180/2020,Scotland/CVR99/2020,Scotland/CVR562/2020,Scotland/CVR137/2020,Scotland/CVR101/2020,Scotland/CVR42/2020,Scotland/CVR123/2020,Scotland/CVR114/2020,Scotland/CVR149/2020,Scotland/CVR168/2020,Scotland/CVR126/2020,Scotland/CVR138/2020,Scotland/CVR264/2020,Scotland/CVR195/2020,Scotland/CVR134/2020,Scotland/CVR100/2020,Scotland/CVR222/2020,Scotland/CVR41/2020,Scotland/CVR142/2020,Scotland/CVR68/2020,Scotland/CVR21/2020,Scotland/CVR236/2020,Scotland/CVR53/2020,Scotland/CVR55/2020,Scotland/CVR66/2020,Scotland/CVR107/2020,Scotland/CVR108/2020,Scotland/CVR102/2020,Scotland/CVR85/2020,Scotland/CVR211/2020,Scotland/CVR176/2020,Scotland/CVR212/2020,Scotland/CVR183/2020,Scotland/CVR235/2020,Scotland/CVR23/2020,Scotland/CVR174/2020,Scotland/CVR140/2020,Scotland/CVR166/2020,Scotland/CVR30/2020,Scotland/CVR56/2020,Scotland/CVR62/2020,Scotland/CVR117/2020,Scotland/CVR67/2020,Scotland/CVR72/2020,Scotland/CVR167/2020,Scotland/CVR151/2020,Scotland/CVR28/2020,Scotland/CVR135/2020
Medina et al	3	unknown	unknown	unknown	Chile/Santiago_op2d1/2020,Chile/Santiago_op4d1/2020,Chile/Santiago_op3d1/2020
Giuseppe D'Auria et al	6	unknown	unknown	unknown	Spain/Valencia8/2020,Spain/Valencia18/2020,Spain/Valencia23/2020,Spain/Valencia40/2020,Spain/Valencia13/2020,Spain/Valencia51/2020
Maria Dolores Ocete et al	6	unknown	unknown	unknown	Spain/Valencia5/2020,Spain/Valencia38/2020,Spain/Valencia12/2020,Spain/Valencia22/2020,Spain/Valencia80/2020,Spain/Valencia17/2020
Paula Ruiz-Hueso et al	5	unknown	unknown	unknown	Spain/Valencia34/2020,Spain/Valencia99/2020,Spain/Valencia50/2020,Spain/Valencia76/2020,Spain/Valencia64/2020
Mariana Reyes-Prieto et al	3	unknown	unknown	unknown	Spain/Valencia35/2020,Spain/Valencia65/2020,Spain/Valencia77/2020
Inma Galan Vendrell et al	6	unknown	unknown	unknown	Spain/Valencia33/2020,Spain/Valencia61/2020,Spain/Valencia45/2020,Spain/Valencia96/2020,Spain/Valencia75/2020,Spain/Valencia48/2020
Vicente Soriano Chirona et al	3	unknown	unknown	unknown	Spain/Valencia36/2020,Spain/Valencia78/2020,Spain/Valencia66/2020
Gimeno et al	1	unknown	unknown	unknown	Spain/Valencia39/2020
Bas Oude Munnink et al	215	unknown	unknown	unknown	Netherlands/NoordBrabant_76/2020,Netherlands/Limburg_9/2020,Netherlands/ZuidHolland_47/2020,Netherlands/NA_97/2020,Netherlands/NoordBrabant_97/2020,Netherlands/NoordBrabant_79/2020,Netherlands/NoordBrabant_83/2020,Netherlands/NoordBrabant_92/2020,Netherlands/NA_226/2020,Netherlands/NoordBrabant_95/2020,Netherlands/NoordBrabant_77/2020,Netherlands/ZuidHolland_63/2020,Netherlands/ZuidHolland_94/2020,Netherlands/NoordBrabant_93/2020,Netherlands/ZuidHolland_48/2020,Netherlands/NA_63/2020,Netherlands/NA_41/2020,Netherlands/NA_58/2020,Netherlands/NA_105/2020,Netherlands/NoordBrabant_99/2020,Netherlands/NA_175/2020,Netherlands/ZuidHolland_85/2020,Netherlands/NA_80/2020,Netherlands/NA_50/2020,Netherlands/NoordBrabant_72/2020,Netherlands/Gelderland_5/2020,Netherlands/NoordHolland_31/2020,Netherlands/NoordBrabant_80/2020,Netherlands/NA_68/2020,Netherlands/NoordBrabant_75/2020,Netherlands/NA_70/2020,Netherlands/Flevoland_2/2020,Netherlands/NA_233/2020,Netherlands/ZuidHolland_32/2020,Netherlands/NA_270/2020,Netherlands/NoordBrabant_87/2020,Netherlands/Gelderland_9/2020,Netherlands/NA_132/2020,Netherlands/NoordBrabant_94/2020,Netherlands/Gelderland_10/2020,Netherlands/NA_313/2020,Netherlands/ZuidHolland_95/2020,Netherlands/NA_234/2020,Netherlands/NA_240/2020,Netherlands/Gelderland_11/2020,Netherlands/NoordBrabant_82/2020,Netherlands/Gelderland_8/2020,Netherlands/NA_269/2020,Netherlands/NA_120/2020,Netherlands/NA_238/2020,Netherlands/NA_215/2020,Netherlands/NoordBrabant_73/2020,Netherlands/ZuidHolland_33/2020,Netherlands/NA_59/2020,Netherlands/ZuidHolland_38/2020,Netherlands/NA_298/2020,Netherlands/NA_294/2020,Netherlands/NA_295/2020,Netherlands/NoordBrabant_69/2020,Netherlands/ZuidHolland_81/2020,Netherlands/NA_297/2020,Netherlands/NA_318/2020,Netherlands/NA_73/2020,Netherlands/NA_144/2020,Netherlands/ZuidHolland_102/2020,Netherlands/ZuidHolland_72/2020,Netherlands/Friesland_7/2020,Netherlands/ZuidHolland_69/2020,Netherlands/NA_310/2020,Netherlands/ZuidHolland_83/2020,Netherlands/NA_95/2020,Netherlands/ZuidHolland_103/2020,Netherlands/Utrecht_22/2020,Netherlands/NA_164/2020,Netherlands/NA_119/2020,Netherlands/NA_237/2020,Netherlands/Limburg_8/2020,Netherlands/ZuidHolland_43/2020,Netherlands/NA_36/2020,Netherlands/Friesland_2/2020,Netherlands/NA_251/2020,Netherlands/Utrecht_21/2020,Netherlands/NA_109/2020,Netherlands/NA_279/2020,Netherlands/NA_309/2020,Netherlands/NA_312/2020,Netherlands/NA_299/2020,Netherlands/NA_94/2020,Netherlands/NA_152/2020,Netherlands/ZuidHolland_65/2020,Netherlands/NA_177/2020,Netherlands/NA_292/2020,Netherlands/Gelderland_7/2020,Netherlands/ZuidHolland_71/2020,Netherlands/NA_218/2020,Netherlands/ZuidHolland_76/2020,Netherlands/ZuidHolland_82/2020,Netherlands/ZuidHolland_88/2020,Netherlands/Friesland_9/2020,Netherlands/Friesland_6/2020,Netherlands/ZuidHolland_90/2020,Netherlands/NA_221/2020,Netherlands/NA_253/2020,Netherlands/ZuidHolland_91/2020,Netherlands/NA_315/2020,Netherlands/ZuidHolland_70/2020,Netherlands/ZuidHolland_75/2020,Netherlands/NA_184/2020,Netherlands/ZuidHolland_61/2020,Netherlands/ZuidHolland_80/2020,Netherlands/ZuidHolland_44/2020,Netherlands/ZuidHolland_45/2020,Netherlands/NA_308/2020,Netherlands/ZuidHolland_73/2020,Netherlands/ZuidHolland_52/2020,Netherlands/ZuidHolland_98/2020,Netherlands/ZuidHolland_40/2020,Netherlands/ZuidHolland_41/2020,Netherlands/ZuidHolland_37/2020,Netherlands/NA_189/2020,Netherlands/NA_275/2020,Netherlands/NA_293/2020,Netherlands/NA_302/2020,Netherlands/ZuidHolland_97/2020,Netherlands/NA_317/2020,Netherlands/NA_288/2020,Netherlands/ZuidHolland_58/2020,Netherlands/NA_283/2020,Netherlands/NA_306/2020,Netherlands/NA_314/2020,Netherlands/NA_153/2020,Netherlands/Gelderland_6/2020,Netherlands/NA_183/2020,Netherlands/NoordBrabant_103/2020,Netherlands/Friesland_4/2020,Netherlands/NA_304/2020,Netherlands/NoordBrabant_101/2020,Netherlands/NoordBrabant_91/2020,Netherlands/NA_122/2020,Netherlands/NoordBrabant_70/2020,Netherlands/Utrecht_20/2020,Netherlands/NoordBrabant_71/2020,Netherlands/Limburg_10/2020,Netherlands/NA_167/2020,Netherlands/ZuidHolland_53/2020,Netherlands/NoordBrabant_74/2020,Netherlands/ZuidHolland_66/2020,Netherlands/ZuidHolland_74/2020,Netherlands/NA_157/2020,Netherlands/ZuidHolland_54/2020,Netherlands/NoordBrabant_104/2020,Netherlands/NoordBrabant_85/2020,Netherlands/NoordBrabant_105/2020,Netherlands/NoordBrabant_100/2020,Netherlands/NA_158/2020,Netherlands/ZuidHolland_67/2020,Netherlands/NoordBrabant_96/2020,Netherlands/NoordBrabant_98/2020,Netherlands/NoordBrabant_81/2020,Netherlands/NA_114/2020,Netherlands/ZuidHolland_57/2020,Netherlands/ZuidHolland_99/2020,Netherlands/ZuidHolland_84/2020,Netherlands/NA_316/2020,Netherlands/ZuidHolland_101/2020,Netherlands/NA_307/2020,Netherlands/NA_296/2020,Netherlands/ZuidHolland_93/2020,Netherlands/ZuidHolland_96/2020,Netherlands/ZuidHolland_100/2020,Netherlands/NA_303/2020,Netherlands/ZuidHolland_55/2020,Netherlands/NA_224/2020,Netherlands/NoordBrabant_102/2020,Netherlands/NA_305/2020,Netherlands/NoordBrabant_86/2020,Netherlands/Gelderland_12/2020,Netherlands/ZuidHolland_36/2020,Netherlands/ZuidHolland_35/2020,Netherlands/ZuidHolland_68/2020,Netherlands/ZuidHolland_59/2020,Netherlands/ZuidHolland_62/2020,Netherlands/NA_172/2020,Netherlands/NA_260/2020,Netherlands/ZuidHolland_60/2020,Netherlands/NoordHolland_5/2020,Netherlands/NA_258/2020,Netherlands/ZuidHolland_34/2020,Netherlands/NA_168/2020,Netherlands/ZuidHolland_89/2020,Netherlands/NA_301/2020,Netherlands/ZuidHolland_56/2020,Netherlands/ZuidHolland_77/2020,Netherlands/NA_271/2020,Netherlands/NA_291/2020,Netherlands/NA_267/2020,Netherlands/ZuidHolland_64/2020,Netherlands/ZuidHolland_42/2020,Netherlands/Friesland_5/2020,Netherlands/NA_311/2020,Netherlands/NA_96/2020,Netherlands/ZuidHolland_104/2020,Netherlands/ZuidHolland_86/2020,Netherlands/Friesland_3/2020,Netherlands/Friesland_10/2020,Netherlands/NA_300/2020,Netherlands/NA_204/2020,Netherlands/ZuidHolland_39/2020,Netherlands/ZuidHolland_79/2020,Netherlands/NA_243/2020,Netherlands/ZuidHolland_92/2020,Netherlands/ZuidHolland_78/2020,Netherlands/Drente_1/2020,Netherlands/NA_100/2020,Netherlands/NoordHolland_4/2020
Bampali et al	3	unknown	unknown	unknown	Greece/16/2020,Greece/12/2020,Greece/10/2020
Romero et al	11	unknown	unknown	unknown	Brazil/RJ0113/2020,Brazil/MG0102/2020,Brazil/MG0101/2020,Brazil/MG0112/2020,Brazil/GO0106/2020,Brazil/RS0107/2020,Brazil/SP0105/2020,Brazil/SP0104/2020,Brazil/RJ0116/2020,Brazil/MG0108/2020,Brazil/RJ0118/2020
Carbo et al	3	unknown	unknown	unknown	Spain/Valencia62/2020,Spain/Valencia97/2020,Spain/Valencia47/2020
Sheng et al	2	unknown	unknown	unknown	Chongqing/YC01/2020,Chongqing/ZX01/2020
Wei et al	2	unknown	unknown	unknown	Fujian/8/2020,Fujian/13/2020
Harrigan et al	58	unknown	unknown	unknown	Canada/BC_8606204/2020,Canada/BC_4799711/2020,Canada/BC_3842755/2020,Canada/BC_6502001/2020,Canada/BC_41851/2020,Canada/BC_4122951/2020,Canada/BC_83109/2020,Canada/BC_8896915/2020,Canada/BC_7277381/2020,Canada/BC_8894200/2020,Canada/BC_8159203/2020,Canada/BC_8718874/2020,Canada/BC_8897642/2020,Canada/BC_3968175/2020,Canada/BC_4118226/2020,Canada/BC_4540462/2020,Canada/BC_3972884/2020,Canada/BC_64686/2020,Canada/BC_83163/2020,Canada/BC_8150537/2020,Canada/BC_0443574/2020,Canada/BC_0554880/2020,Canada/BC_1318414/2020,Canada/BC_6981299/2020,Canada/BC_8622445/2020,Canada/BC_3808524/2020,Canada/BC_3989992/2020,Canada/BC_37_0-2/2020,Canada/BC_69243/2020,Canada/BC_5282984/2020,Canada/BC_25211/2020,Canada/BC_65034/2020,Canada/BC_66353/2020,Canada/BC_17397/2020,Canada/BC_02421/2020,Canada/BC_13297/2020,Canada/BC_4078583/2020,Canada/BC_4143868/2020,Canada/BC_4143842/2020,Canada/BC_35720/2020,Canada/BC_9446031/2020,Canada/BC_78548/2020,Canada/BC_7493713/2020,Canada/BC_5522039/2020,Canada/BC_6489864/2020,Canada/BC_6997898/2020,Canada/BC_9345042/2020,Canada/BC_9345715/2020,Canada/BC_8486790/2020,Canada/BC_9574898/2020,Canada/BC_7553799/2020,Canada/BC_6004567/2020,Canada/BC_5275718/2020,Canada/BC_5979789/2020,Canada/BC_6129127/2020,Canada/BC_5306970/2020,Canada/BC_6404889/2020,Canada/BC_7515663/2020
Chu etl al et al	47	unknown	unknown	unknown	USA/WA-S14/2020,USA/WA-S41/2020,USA/WA-S37/2020,USA/WA-S89/2020,USA/WA-S90/2020,USA/WA-S97/2020,USA/WA-S95/2020,USA/WA-S30/2020,USA/WA-S96/2020,USA/WA-S73/2020,USA/WA-S106/2020,USA/WA-S107/2020,USA/WA-S42/2020,USA/WA-S48/2020,USA/WA-S47/2020,USA/WA-S81/2020,USA/WA-S94/2020,USA/WA-S60/2020,USA/WA-S17/2020,USA/WA-S113/2020,USA/WA-S119/2020,USA/WA-S68/2020,USA/WA-S62/2020,USA/WA-S99/2020,USA/WA-S105/2020,USA/WA-S103/2020,USA/WA-S101/2020,USA/WA-S102/2020,USA/WA-S44/2020,USA/WA-S40/2020,USA/WA-S84/2020,USA/WA-S43/2020,USA/WA-S55/2020,USA/WA-S108/2020,USA/WA-S98/2020,USA/WA-S46/2020,USA/WA-S88/2020,USA/WA-S115/2020,USA/WA-S12/2020,USA/WA-S16/2020,USA/WA-S79/2020,USA/WA-S75/2020,USA/WA-S82/2020,USA/WA-S92/2020,USA/WA-S93/2020,USA/WA-S45/2020,USA/WA-S100/2020
Fauver et al	36	unknown	unknown	unknown	USA/CT-Yale-007/2020,USA/CT-Yale-008/2020,USA/CT-Yale-005/2020,USA/CT-Yale-045/2020,USA/CT-Yale-023/2020,USA/CT-Yale-009/2020,USA/CT-Yale-034/2020,USA/CT-Yale-003/2020,USA/CT-Yale-002/2020,USA/CT-Yale-010/2020,USA/CT-Yale-012/2020,USA/CT-Yale-037/2020,USA/CT-Yale-028/2020,USA/CT-Yale-024/2020,USA/CT-Yale-047/2020,USA/CT-Yale-013/2020,USA/CT-Yale-040/2020,USA/CT-Yale-006/2020,USA/CT-Yale-020/2020,USA/CT-Yale-046/2020,USA/CT-Yale-044/2020,USA/CT-Yale-016/2020,USA/CT-Yale-021/2020,USA/CT-Yale-014/2020,USA/NY-Yale-022/2020,USA/CT-Yale-018/2020,USA/CT-Yale-043/2020,USA/CT-Yale-031/2020,USA/CT-Yale-036/2020,USA/CT-Yale-048/2020,USA/CT-Yale-039/2020,USA/CT-Yale-017/2020,USA/CT-Yale-027/2020,USA/CT-Yale-029/2020,USA/CT-Yale-035/2020,USA/NY-Yale-030/2020
Deng et al	20	unknown	unknown	unknown	USA/CA-CDPH-UC1/2020,USA/CA-CDPH-UC23/2020,USA/CA-CDPH-UC7/2020,USA/CA-CDPH-UC9/2020,USA/CA-CDPH-UC11/2020,USA/CA-CDPH-UC8/2020,USA/CA-CDPH-UC6/2020,USA/CA-CDPH-UC5/2020,USA/CA-CDPH-UC20/2020,USA/CA-CDPH-UC28/2020,USA/CA-CDPH-UC19/2020,USA/CA-CDPH-UC21/2020,USA/CA-SCCPHD-UC14/2020,USA/CA-SCCPHD-UC16/2020,USA/CA-CDPH-UC2/2020,USA/CA-CDPH-UC3/2020,USA/CA-CDPH-UC4/2020,USA/CA-CDPH-UC24/2020,USA/CA-CDPH-UC27/2020,USA/CA-CDPH-UC26/2020
Chu et al et al	7	unknown	unknown	unknown	USA/WA-S8/2020,USA/WA-S7/2020,USA/WA-S2/2020,USA/WA-S3/2020,USA/WA-S6/2020,USA/WA-S5/2020,USA/WA-S10/2020
Plumb et al	51	unknown	unknown	unknown	USA/MN3-MDH3/2020,USA/MN44-MDH44/2020,USA/MN59-MDH59/2020,USA/MN41-MDH41/2020,USA/MN56-MDH56/2020,USA/MN134-MDH134/2020,USA/MN26-MDH26/2020,USA/MN63-MDH63/2020,USA/MN131-MDH131/2020,USA/MN64-MDH64/2020,USA/MN2-MDH2/2020,USA/MN135-MDH135/2020,USA/MN57-MDH57/2020,USA/MN39-MDH39/2020,USA/MN53-MDH53/2020,USA/MN4-MDH4/2020,USA/MN42-MDH42/2020,USA/MN47-MDH47/2020,USA/MN34-MDH34/2020,USA/MN5-MDH5/2020,USA/MN136-MDH136/2020,USA/MN68-MDH68/2020,USA/MN69-MDH69/2020,USA/MN62-MDH62/2020,USA/MN128-MDH128/2020,USA/MN29-MDH29/2020,USA/MN67-MDH67/2020,USA/MN51-MDH51/2020,USA/MN36-MDH36/2020,USA/MN58-MDH58/2020,USA/MN65-MDH65/2020,USA/MN32-MDH32/2020,USA/MN46-MDH46/2020,USA/MN35-MDH35/2020,USA/MN48-MDH48/2020,USA/MN43-MDH43/2020,USA/MN133-MDH133/2020,USA/MN30-MDH30/2020,USA/MN25-MDH25/2020,USA/MN52-MDH52/2020,USA/MN38-MDH38/2020,USA/MN132-MDH132/2020,USA/MN55-MDH55/2020,USA/MN40-MDH40/2020,USA/MN31-MDH31/2020,USA/MN60-MDH60/2020,USA/MN66-MDH66/2020,USA/MN124-MDH124/2020,USA/MN130-MDH130/2020,USA/MN45-MDH45/2020,USA/MN129-MDH129/2020
Adnan Araiza Rodriguez et al	1	unknown	unknown	unknown	Mexico/CDMX-InDRE_06/2020
Chu et al	1	unknown	unknown	unknown	USA/WA2/2020
Sikazwe et al	8	unknown	unknown	unknown	Australia/WA04/2020,Australia/WA09/2020,Australia/WA10/2020,Australia/WA07/2020,Australia/WA11/202,Australia/WA06/2020,Australia/WA02/2020,Australia/WA03/2020
Domman et al	13	unknown	unknown	unknown	USA/WY-WYPHL001/2020,USA/WY-WYPHL012/2020,USA/WY-WYPHL011/2020,USA/WY-WYPHL018/2020,USA/WY-WYPHL014/2020,USA/WY-WYPHL015/2020,USA/WY-WYPHL005/2020,USA/WY-WYPHL007/2020,USA/WY-WYPHL004/2020,USA/WY-WYPHL008/2020,USA/WY-WYPHL006/2020,USA/WY-WYPHL019/2020,USA/WY-WYPHL010/2020
Eshaghi et al	56	unknown	unknown	unknown	Canada/ON_PHL1083/2020,Canada/ON_PHL3877/2020,Canada/ON_PHL0178/2020,Canada/ON_PHL5710/2020,Canada/ON_PHL5705/2020,Canada/ON_PHL3802/2020,Canada/ON_PHL4464/2020,Canada/ON_PHL8580/2020,Canada/ON_PHL6883/2020,Canada/ON_PHL6884/2020,Canada/ON_PHL0052/2020,Canada/ON_PHL0142/2020,Canada/ON_PHL7512/2020,Canada/ON_PHL5694/2020,Canada/ON_PHL3670/2020,Canada/ON-PHL2445/2020,Canada/ON_PHL4181/2020,Canada/ON_PHL0141/2020,Canada/ON_PHL3459/2020,Canada/ON_PHL3318/2020,Canada/ON_PHL7972/2020,Canada/ON_PHL5472/2020,Canada/ON_PHL3917/2020,Canada/ON_PHL3919/2020,Canada/ON_PHL0976/2020,Canada/ON_PHL3350/2020,Canada/ON_PHL3458/2020,Canada/ON_PHL2653/2020,Canada/ON_PHL7590/2020,Canada/ON_PHL8458/2020,Canada/ON_PHL8539/2020,Canada/ON_PHL0654/2020,Canada/ON_PHL6922/2020,Canada/ON_PHL3536/2020,Canada/ON_PHL0977/2020,Canada/ON_PHL7513/2020,Canada/ON_PHL3695/2020,Canada/ON_PHLU8150/2020,Canada/ON_PHL4088/2020,Canada/ON_PHL1898/2020,Canada/ON_PHLH6415/2020,Canada/ON_PHL8751/2020,Canada/ON_PHL0539/2020,Canada/ON_PHL3741/2020,Canada/ON_PHL0743/2020,Canada/ON_PHL3692/2020,Canada/ON_PHL3680/2020,Canada/ON_PHL6980/2020,Canada/ON_PHL4232/2020,Canada/ON_PHL5756/2020,Canada/ON_PHL5757/2020,Canada/ON_PHL5672/2020,Canada/ON_PHL3650/2020,Canada/ON_PHL3575/2020,Canada/ON_PHL1095/2020,Canada/ON_PHL3380/2020
Majer et al	5	unknown	unknown	unknown	Canada/MB_8/2020,Canada/MB_10/2020,Canada/NB_6/2020,Canada/SK_4/2020,Canada/NS_13/2020
Zhang et al	8	unknown	unknown	unknown	USA/WA-NH8/2020,USA/WA-NH7/2020,Shanghai/SH01/2020,Wuhan-Hu-1/2019,Zhejiang/WZ-02/2020,USA/CA6/2020,USA/WI1/2020,Zhejiang/HZ103/2020
Joel Armando Vazquez Perez et al	5	unknown	unknown	unknown	Mexico/CDMX-INER_05/2020,Mexico/CDMX-INER_03/2020,Mexico/CDMX-INER_04/2020,Mexico/CDMX-INER_02/2020,Mexico/CDMX-INER_01/2020
Gudbjartsson et al	121	unknown	unknown	unknown	Iceland/9/2020,Iceland/372/2020,Iceland/220/2020,Iceland/561/2020,Iceland/320/2020,Iceland/431/2020,Iceland/166/2020,Iceland/415/2020,Iceland/448/2020,Iceland/13/2020,Iceland/115/2020,Iceland/116/2020,Iceland/530/2020,Iceland/160/2020,Iceland/341/2020,Iceland/94/2020,Iceland/203/2020,Iceland/292/2020,Iceland/480/2020,Iceland/586/2020,Iceland/496/2020,Iceland/536/2020,Iceland/598/2020,Iceland/413/2020,Iceland/240/2020,Iceland/538/2020,Iceland/497/2020,Iceland/277/2020,Iceland/576/2020,Iceland/280/2020,Iceland/290/2020,Iceland/442/2020,Iceland/583/2020,Iceland/542/2020,Iceland/104/2020,Iceland/313/2020,Iceland/233/2020,Iceland/464/2020,Iceland/187/2020,Iceland/122/2020,Iceland/186/2020,Iceland/16/2020,Iceland/130/2020,Iceland/387/2020,Iceland/525/2020,Iceland/409/2020,Iceland/410/2020,Iceland/444/2020,Iceland/360/2020,Iceland/315/2020,Iceland/54/2020,Iceland/26/2020,Iceland/49/2020,Iceland/114/2020,Iceland/366/2020,Iceland/547/2020,Iceland/146/2020,Iceland/235/2020,Iceland/149/2020,Iceland/353/2020,Iceland/594/2020,Iceland/361/2020,Iceland/137/2020,Iceland/458/2020,Iceland/181/2020,Iceland/250/2020,Iceland/177/2020,Iceland/563/2020,Iceland/425/2020,Iceland/5/2020,Iceland/245/2020,Iceland/258/2020,Iceland/145/2020,Iceland/175/2020,Iceland/179/2020,Iceland/426/2020,Iceland/269/2020,Iceland/180/2020,Iceland/581/2020,Iceland/306/2020,Iceland/205/2020,Iceland/585/2020,Iceland/451/2020,Iceland/309/2020,Iceland/466/2020,Iceland/392/2020,Iceland/255/2020,Iceland/383/2020,Iceland/428/2020,Iceland/14/2020,Iceland/20/2020,Iceland/LUH-01/2020,Iceland/244/2020,Iceland/367/2020,Iceland/432/2020,Iceland/293/2020,Iceland/254/2020,Iceland/155/2020,Iceland/241/2020,Iceland/282/2020,Iceland/370/2020,Iceland/41/2020,Iceland/60/2020,Iceland/44/2020,Iceland/67/2020,Iceland/45/2020,Iceland/212/2020,Iceland/74/2020,Iceland/109/2020,Iceland/31/2020,Iceland/25/2020,Iceland/374/2020,Iceland/39/2020,Iceland/603/2020,Iceland/266/2020,Iceland/302/2020,Iceland/57/2020,Iceland/61/2020,Iceland/231/2020,Iceland/197/2020,Iceland/234/2020
Sintchenko et al	2	unknown	unknown	unknown	Australia/NSW37/2020,Australia/NSW62/2020
DCLS et al	1	unknown	unknown	unknown	USA/VA-DCLS-0001/2020
Maqsood et al	3	unknown	unknown	unknown	USA/AZ-ASU2922/2020,USA/AZ-ASU2923/2020,USA/AZ-ASU2936/2020
Division of Consolidated Laboratories et al	6	unknown	unknown	unknown	USA/VA-DCLS-0019/2020,USA/VA-DCLS-0018/2020,USA/VA-DCLS-0045/2020,USA/VA-DCLS-0046/2020,USA/VA-DCLS-0040/2020,USA/VA-DCLS-0033/2020
Virginia Division of Consolidated Laboratories et al	2	unknown	unknown	unknown	USA/VA-DCLS-0003/2020,USA/VA-DCLS-0004/2020
Virginia DCLS et al	1	unknown	unknown	unknown	USA/VA-DCLS-0002/2020
Cui et al	1	unknown	unknown	unknown	Jiangsu/JS01/2020
Linlin et al	1	unknown	unknown	unknown	China/WH-09/2020
Smura et al	20	unknown	unknown	unknown	Finland/13M79/2020,Finland/14M82/2020,Finland/1/2020,Finland/14M74/2020,Finland/FIN01032020/2020,Finland/FIN-274/2020,Finland/FIN03032020B/2020,Finland/FIN-114/2020,Finland/FIN-25/2020,Finland/13M77/2020,Finland/FIN03032020C/2020,Finland/FIN-318/2020,Finland/FIN-313/2020,Finland/FIN-508/2020,Finland/FIN03032020A/2020,Finland/FIN-266/2020,Finland/14M77/2020,Finland/14M3/2020,Finland/FIN-455/2020,Finland/14M32/2020
Yu hua et al	15	unknown	unknown	unknown	Hangzhou/HZ79/2020,Hangzhou/HZ91/2020,Hangzhou/HZ90/2020,Hangzhou/HZ49/2020,Hangzhou/HZ48/2020,Hangzhou/HZ178/2020,Hangzhou/HZ185/2020,Hangzhou/HZ162/2020,Hangzhou/HZ60/2020,Hangzhou/HZ477/2020,Hangzhou/HZ481/2020,Hangzhou/HZ551/2020,Hangzhou/HZ576/2020,Hangzhou/HZ638/2020,Hangzhou/HZ62/2020
Hua et al	1	unknown	unknown	unknown	Hangzhou/HZ-1/2020
Bal et al	86	unknown	unknown	unknown	France/RA739/2020,France/Lyon_06573/2020,France/ARA11036/2020,France/ARA10282/2020,France/Valence_425/2020,France/ARA10251/2020,France/ARA12217/2020,France/ARA12269/2020,France/Clermont-Ferrand_650/2020,France/Clermont-Ferrand_651/2020,France/ARA12238/2020,France/Lyon_06042/2020,France/Lyon_683/2020,France/ARA094100/2020,France/ARA09434/2020,France/ARA12915/2020,France/ARA12264/2020,France/ARA12265/2020,France/Lyon_06820/2020,France/Lyon_06625/2020,France/ARA13095/2020,France/Bourg-en-Bresse_06678/2020,France/ARA10172/2020,France/ARA10163/2020,France/ARA10165/2020,France/ARA10188/2020,France/ARA12973/2020,France/Pollionay_1733/2020,France/ARA13160/2020,France/ARA12384/2020,France/ARA12250/2020,France/Lyon_06531/2020,France/ARA10189/2020,France/ARA11943/2020,France/Valence_532/2020,France/ARA09451/2020,France/ARA09686/2020,France/Lyon_06056/2020,France/Lyon_487/2020,France/Lyon_06487/2020,France/ARA13074/2020,France/ARA12485/2020,France/ARA12576/2020,France/ARA12524/2020,France/ARA12996/2020,France/ARA10257/2020,France/ARA10184/2020,France/ARA10876/2020,France/ARA1307/2020,France/ARA12371/2020,France/ARA12877/2020,France/Lyon_0693/2020,France/ARA10552/2020,France/ARA10192/2020,France/ARA12558/2020,France/ARA1284/2020,France/ARA12222/2020,France/ARA12260/2020,France/ARA11939/2020,France/ARA11950/2020,France/ARA11949/2020,France/ARA10910/2020,France/ARA11952/2020,France/ARA12499/2020,France/Lyon_0668/2020,France/ARA10968/2020,France/ARA12759/2020,France/ARA09428/2020,France/ARA12125/2020,France/ARA09588/2020,France/ARA12249/2020,France/ARA12388/2020,France/Lyon_508/2020,France/ARA1322/2020,France/Bourg-en-Bresse_06813/2020,France/Macon_06756/2020,France/ARA10170/2020,France/ARA11997/2020,France/ARA12630/2020,France/ARA12270/2020,France/ARA12253/2020,France/ARA12632/2020,France/ARA12626/2020,France/ARA11995/2020,France/ARA11980/2020,France/Lyon_06464/2020
Joan Marti-Carreras et al	141	unknown	unknown	unknown	Belgium/MSE-0324121/2020,Belgium/JLJ-0320101/2020,Belgium/SJ-030583/2020,Belgium/AC-030982/2020,Belgium/MJP-0306100/2020,Belgium/JJC-0325165/2020,Belgium/BJ-0325181/2020,Belgium/DMM-0325180/2020,Belgium/DVG-0325146/2020,Belgium/DV-0324117/2020,Belgium/VRJM-0323114/2020,Belgium/VHV-0324118/2020,Belgium/SR-0319112/2020,Belgium/DME-0324135/2020,Belgium/MNL-0324130/2020,Belgium/BJ-0324192/2020,Belgium/DCS-030796/2020,Belgium/KKN-0319184/2020,Belgium/DA-030691/2020,Belgium/GE-0317105/2020,Belgium/VL-0318104/2020,Belgium/DA-0319106/2020,Belgium/VNP-0320107/2020,Belgium/CD-030679/2020,Belgium/FAE-030948/2020,Belgium/RA-030445/2020,Belgium/LY-030575/2020,Belgium/MJP-030684/2020,Belgium/PAN-030681/2020,Belgium/LM-030685/2020,Belgium/RJL-030588/2020,Belgium/ECC-030686/2020,Belgium/PA-030680/2020,Belgium/VGA-030672/2020,Belgium/HP-0319108/2020,Belgium/QOJ-030751/2020,Belgium/DB-0323140/2020,Belgium/RC-0324168/2020,Belgium/TG-030757/2020,Belgium/RA-030664/2020,Belgium/JK-0305110/2020,Belgium/RGE-0325122/2020,Belgium/030959/2020,Belgium/RYR-030649/2020,Belgium/GJ-030458/2020,Belgium/SB-030990/2020,Belgium/MC-030689/2020,Belgium/DD-030593/2020,Belgium/RR-030699/2020,Belgium/FM-030592/2020,Belgium/LD-030597/2020,Belgium/VMC-030695/2020,Belgium/HCM-0324151/2020,Belgium/GJJ-0325145/2020,Belgium/VWJM-0324136/2020,Belgium/VT-0325143/2020,Belgium/SEM-0324120/2020,Belgium/VPMV-0325153/2020,Belgium/LJ-0325148/2020,Belgium/MAC-0324142/2020,Belgium/PC-0325147/2020,Belgium/BDW-030694/2020,Belgium/BS-030598/2020,Belgium/DJ-030452/2020,Belgium/MF-030546/2020,Belgium/GSA-030454/2020,Belgium/VF-030562/2020,Belgium/DAL-030650/2020,Belgium/KN-030756/2020,Belgium/RJ-030552/2020,Belgium/VJP-030463/2020,Belgium/NL-030447/2020,Belgium/DNS-0324176/2020,Belgium/FMC-0323159/2020,Belgium/BEG-0323154/2020,Belgium/ML-0324164/2020,Belgium/NMA-0324169/2020,Belgium/NIM-0324161/2020,Belgium/PC-0325182/2020,Belgium/WWM-030665/2020,Belgium/BJ-030767/2020,Belgium/MSE-0324131/2020,Belgium/CF-0324119/2020,Belgium/NJC-0324126/2020,Belgium/MS-0324134/2020,Belgium/MCW-030574/2020,Belgium/AKM-030670/2020,Belgium/VHC-030655/2020,Belgium/HC-030760/2020,Belgium/HL-030771/2020,Belgium/DCB-0324163/2020,Belgium/CJE-0325178/2020,Belgium/VM-0325171/2020,Belgium/VLG-0325162/2020,Belgium/DJMG-0325156/2020,Belgium/DRV-0325157/2020,Belgium/GE-030573/2020,Belgium/DLDJ-030569/2020,Belgium/RS-030677/2020,Belgium/WAM-030676/2020,Belgium/OT-0319109/2020,Belgium/UM-0318103/2020,Belgium/PJM-0325166/2020,Belgium/CK-0324150/2020,Belgium/AGR-0324174/2020,Belgium/VD-0318102/2020,Belgium/LPDC-0323115/2020,Belgium/RDC-030961/2020,Belgium/UNJP-0324125/2020,Belgium/EC-0325128/2020,Belgium/SC-0319113/2020,Belgium/EBN-0323116/2020,Belgium/MC-0323129/2020,Belgium/NML-0325127/2020,Belgium/DPG-0325123/2020,Belgium/FFJ-0324124/2020,Belgium/LV-0324133/2020,Belgium/GMJ-0324132/2020,Belgium/CJM-0323175/2020,Belgium/RHA-0324177/2020,Belgium/OS-0325137/2020,Belgium/DCS-0325158/2020,Belgium/NA-0323141/2020,Belgium/RS-0324138/2020,Belgium/PM-0324144/2020,Belgium/ZF-0325152/2020,Belgium/BS-0325183/2020,Belgium/GM-0323139/2020,Belgium/CCM-0324167/2020,Belgium/STM-0324170/2020,Belgium/BEG-0324149/2020,Belgium/GLA-0324179/2020,Belgium/QL-0324173/2020,Belgium/NKMA-0324172/2020,Belgium/CA-0319111/2020,Belgium/DVBJ-030468/2020,Belgium/GOF-030578/2020,Belgium/BM-030687/2020,Belgium/DBOM-030566/2020,Belgium/BCM-0324160/2020,Belgium/BGM-030444/2020
Thomson et al	2	unknown	unknown	unknown	Scotland/CVR04/2020,Scotland/CVR02/2020
Slavikova et al	4	unknown	unknown	unknown	Slovakia/SK-BMC6/2020,Slovakia/SK-BMC1/2020,Slovakia/SK-BMC2/2020,Slovakia/SK-BMC5/2020
Kirsten St. George et al	22	unknown	unknown	unknown	USA/NY-Wadsworth-30164-01/2020,USA/NY-Wadsworth-14726-02/2020,USA/NY-Wadsworth-25860-01/2020,USA/NY-Wadsworth-10707-01/2020,USA/NY-Wadsworth-10528-01/2020,USA/NY-Wadsworth-11380-01/2020,USA/NY-Wadsworth-32851-01/2020,USA/NY-Wadsworth-16766-01/2020,USA/NY-Wadsworth-16833-01/2020,USA/NY-Wadsworth-30246-01/2020,USA/NY-Wadsworth-29275-01/2020,USA/NY-Wadsworth-27804-01/2020,USA/NY-Wadsworth-27073-01/2020,USA/NY-Wadsworth-11003-01/2020,USA/NY-Wadsworth-10495-01/2020,USA/NY-Wadsworth-31930-01/2020,USA/NY-Wadsworth-10703-01/2020,USA/NY-Wadsworth-11717-01/2020,USA/NY-Wadsworth-26088-01/2020,USA/NY-Wadsworth-11354-01/2020,USA/NY-Wadsworth-11344-01/2020,USA/NY-Wadsworth-11249-01/2020
Vereecke et al	10	unknown	unknown	unknown	Belgium/UGent-3/2020,Belgium/UGent-19/2020,Belgium/UGent-21/2020,Belgium/UGent-20/2020,Belgium/UGent-10/2020,Belgium/UGent-9/2020,Belgium/UGent-4/2020,Belgium/UGent-8/2020,Belgium/UGent-12/2020,Belgium/UGent-13/2020
Lambrechts et al	10	unknown	unknown	unknown	Belgium/UGent-17/2020,Belgium/UGent-11/2020,Belgium/UGent-15/2020,Belgium/UGent-1/2020,Belgium/UGent-18/2020,Belgium/UGent-6/2020,Belgium/UGent-2/2020,Belgium/UGent-22/2020,Belgium/UGent-24/2020,Belgium/UGent-25/2020
Pilailuk et al	2	unknown	unknown	unknown	Nonthaburi/61/2020,Nonthaburi/74/2020
Cao et al	1	unknown	unknown	unknown	Vietnam/19-01S/2020
Nguyen et al	1	unknown	unknown	unknown	Vietnam/19-02S/2020
Zhao et al	2	unknown	unknown	unknown	Jiangsu/JS03/2020,Jiangsu/JS02/2020
Tsao et al	20	unknown	unknown	unknown	Taiwan/CGMH-CGU-01/2020,Taiwan/CGMH-CGU-02/2020,Taiwan/CGMH-CGU-04/2020,Taiwan/CGMH-CGU-05/2020,Taiwan/CGMH-CGU-07/2020,Taiwan/CGMH-CGU-03/2020,Taiwan/CGMH-CGU-08/2020,Taiwan/CGMH-CGU-06/2020,Taiwan/CGMH-CGU-10/2020,Taiwan/CGMH-CGU-11/2020,Taiwan/CGMH-CGU-09/2020,Taiwan/CGMH-CGU-13/2020,Taiwan/CGMH-CGU-20/2020,Taiwan/CGMH-CGU-18/2020,Taiwan/CGMH-CGU-12/2020,Taiwan/CGMH-CGU-15/2020,Taiwan/CGMH-CGU-16/2020,Taiwan/CGMH-CGU-19/2020,Taiwan/CGMH-CGU-17/2020,Taiwan/CGMH-CGU-14/2020
FOI Bioinformatics team et al	1	unknown	unknown	unknown	Sweden/RV-FOI-1/2020
Marquez et al	1	unknown	unknown	unknown	Ecuador/HEE-01/2020
M.E. Quinones-Mateu et al	2	unknown	unknown	unknown	NewZealand/CoV001/2020,NewZealand/CoV002/2020
Alan K.L. Tsang et al	1	unknown	unknown	unknown	HongKong/VB20017970/2020
Karlsson et al	1	unknown	unknown	unknown	Cambodia/0012/2020
Clark et al	7	unknown	unknown	unknown	England/NOTT-10DEEA/2020,England/NOTT-10EB2E/2020,England/NOTT-10E502/2020,England/NOTT-10E818/2020,England/NOTT-10E2B0/2020,England/NOTT-10E696/2020,England/NOTT-10EA6D/2020
Thushan de Silva et al	8	unknown	unknown	unknown	England/SHEF-BFD36/2020,England/SHEF-C06A0/2020,England/SHEF-C03B8/2020,England/SHEF-C092F/2020,England/SHEF-BFD09/2020,England/SHEF-C08E6/2020,England/SHEF-C06DD/2020,England/SHEF-C0822/2020
Rockett et al	6	unknown	unknown	unknown	Australia/NSW08/2020,Australia/NSW10/2020,Australia/NSW02/2020,Australia/NSW44/2020,Australia/NSW09/2020,Australia/NSW15/2020
Kathrine Stene-Johansen et al	12	unknown	unknown	unknown	Norway/2087/2020,Norway/1380/2020,Norway/1494/2020,Norway/1493/2020,Norway/1443/2020,Norway/1455/2020,Norway/1538/2020,Norway/1379/2020,Norway/1526/2020,Norway/2093/2020,Norway/1495/2020,Norway/2084/2020
Dempsey et al	1	unknown	unknown	unknown	Ireland/Cork2/2020
Zainab et al	1	unknown	unknown	unknown	Pakistan/Manga-KPK/2020
Durkin et al	114	unknown	unknown	unknown	Belgium/ULG-6688/2020,Belgium/ULG-10028/2020,Belgium/ULG-10032/2020,Belgium/ULG-10052/2020,Belgium/ULG-6743/2020,Belgium/ULG-7626/2020,Belgium/ULG-10089/2020,Belgium/ULG-10088/2020,Belgium/ULG-10095/2020,Belgium/ULG-10022/2020,Belgium/ULG-10080/2020,Belgium/ULG-10045/2020,Belgium/ULG-10046/2020,Belgium/ULG-10053/2020,Belgium/ULG-10006/2020,Belgium/ULG-10043/2020,Belgium/ULG-10068/2020,Belgium/ULG-10044/2020,Belgium/ULG-10061/2020,Belgium/ULG-7242/2020,Belgium/ULG-10018/2020,Belgium/ULG-10027/2020,Belgium/ULG-9742/2020,Belgium/ULG-9741/2020,Belgium/ULG-10024/2020,Belgium/ULG-10050/2020,Belgium/ULG-9735/2020,Belgium/ULG-9634/2020,Belgium/ULG-10025/2020,Belgium/ULG-10066/2020,Belgium/ULG-10067/2020,Belgium/ULG-10029/2020,Belgium/ULG-10042/2020,Belgium/ULG-9714/2020,Belgium/ULG-8543/2020,Belgium/ULG-10013/2020,Belgium/ULG-10014/2020,Belgium/ULG-10072/2020,Belgium/ULG-10082/2020,Belgium/ULG-10057/2020,Belgium/ULG-10093/2020,Belgium/ULG-9719/2020,Belgium/ULG-10007/2020,Belgium/ULG-10058/2020,Belgium/ULG-10051/2020,Belgium/ULG-10084/2020,Belgium/ULG-10015/2020,Belgium/ULG-8664/2020,Belgium/ULG-10071/2020,Belgium/ULG-7773/2020,Belgium/ULG-10092/2020,Belgium/ULG-10056/2020,Belgium/ULG-10069/2020,Belgium/ULG-8595/2020,Belgium/ULG-9739/2020,Belgium/ULG-9647/2020,Belgium/ULG-9716/2020,Belgium/ULG-10040/2020,Belgium/ULG-10060/2020,Belgium/ULG-9558/2020,Belgium/ULG-10008/2020,Belgium/ULG-10077/2020,Belgium/ULG-10081/2020,Belgium/ULG-9738/2020,Belgium/ULG-8532/2020,Belgium/ULG-10094/2020,Belgium/ULG-10086/2020,Belgium/ULG-9618/2020,Belgium/ULG-9617/2020,Belgium/ULG-10033/2020,Belgium/ULG-10047/2020,Belgium/ULG-7729/2020,Belgium/ULG-10062/2020,Belgium/ULG-9715/2020,Belgium/ULG-9725/2020,Belgium/ULG-9619/2020,Belgium/ULG-7500/2020,Belgium/ULG-7134/2020,Belgium/ULG-10049/2020,Belgium/ULG-8810/2020,Belgium/ULG-10055/2020,Belgium/ULG-10074/2020,Belgium/ULG-10030/2020,Belgium/ULG-10063/2020,Belgium/ULG-10031/2020,Belgium/ULG-8634/2020,Belgium/ULG-10085/2020,Belgium/ULG-9620/2020,Belgium/ULG-6732/2020,Belgium/ULG-10009/2020,Belgium/ULG-10003/2020,Belgium/ULG-10011/2020,Belgium/ULG-10012/2020,Belgium/ULG-10054/2020,Belgium/ULG-9694/2020,Belgium/ULG-10026/2020,Belgium/ULG-9732/2020,Belgium/ULG-8617/2020,Belgium/ULG-6649/2020,Belgium/ULG-10016/2020,Belgium/ULG-9572/2020,Belgium/ULG-10001/2020,Belgium/ULG-9751/2020,Belgium/ULG-10078/2020,Belgium/ULG-8541/2020,Belgium/ULG-8578/2020,Belgium/ULG-10004/2020,Belgium/ULG-10065/2020,Belgium/ULG-8808/2020,Belgium/ULG-9641/2020,Belgium/ULG-10079/2020,Belgium/ULG-7821/2020,Belgium/ULG-8715/2020,Belgium/ULG-10017/2020
Milewska et al	1	unknown	unknown	unknown	Poland/PL_P1/2020
Popa et al	8	unknown	unknown	unknown	Austria/CeMM0001/2020,Austria/CeMM0002/2020,Austria/CeMM0004/2020,Austria/CeMM0003/2020,Austria/CeMM0010/2020,Austria/CeMM0019/2020,Austria/CeMM0013/2020,Austria/CeMM0021/2020
Claudio Tavares Sacchi et al	12	unknown	unknown	unknown	Brazil/SPBR-11/2020,Brazil/SPBR-10/2020,Brazil/SPBR-14/2020,Brazil/SPBR-12/2020,Brazil/SPBR-08/2020,Brazil/SPBR-13/2020,Brazil/SPBR-03/2020,Brazil/SPBR-04/2020,Brazil/SPBR-07/2020,Brazil/SPBR-05/2020,Brazil/SPBR-06/2020,Brazil/SPBR-09/2020
Muenchhoff et al	14	unknown	unknown	unknown	Germany/BAV-V2011463/2020,Germany/BAV-V2011395/2020,Germany/BAV-V2011376/2020,Germany/BAV-V2010492/2020,Germany/BAV-V2010837/2020,Germany/BAV-V2010486/2020,Germany/BAV-V2012612/2020,Germany/BAV-V2012622/2020,Germany/BAV-V2012620/2020,Germany/BAV-V2012856/2020,Germany/BAV-V2010840/2020,Germany/BAV-V2011673/2020,Germany/BAV-V2011672/2020,Germany/BAV-V2011675/2020
Boese et al	1	unknown	unknown	unknown	Canada/ON-VIDO-01/2020
Paden et al	1	unknown	unknown	unknown	USA/MA1/2020
Sah et al	1	unknown	unknown	unknown	Nepal/61/2020
Shi et al	2	unknown	unknown	unknown	China/IQTC02/2020,China/IQTC01/2020
Jing Lu et al	1	unknown	unknown	unknown	Guangdong/FS-S42-P0046/2020
Octavia et al	5	unknown	unknown	unknown	Singapore/11/2020,Singapore/8/2020,Singapore/7/2020,Singapore/10/2020,Singapore/9/2020
Meumann et al	4	unknown	unknown	unknown	Australia/NT02/2020,Australia/NT01/2020,Australia/NT05/2020,Australia/NT04/2020
Gall et al	3	unknown	unknown	unknown	Australia/NSW25/2020,Australia/NSW14/2020,Australia/NSW52/2020
Alghoribi et al	1	unknown	unknown	unknown	SaudiArabia/KAIMRC-Alghoribi/2020
Yoong Min CHONG et al	2	unknown	unknown	unknown	Malaysia/188407/2020,Malaysia/189332/2020
Giandhari et al	5	unknown	unknown	unknown	SouthAfrica/KRISP_0006/2020,SouthAfrica/KRISP_0002/2020,SouthAfrica/KRISP_0012/2020,SouthAfrica/KRISP_0007/2020,SouthAfrica/KRISP_0011/2020
Gray et al	3	unknown	unknown	unknown	Australia/NSW48/2020,Australia/NSW12/2020,Australia/NSW21/2020
Hishiki et al	3	unknown	unknown	unknown	Japan/Hu_DP_Kng_19-027/2020,Japan/Hu_DP_Kng_19-031/2020,Japan/Hu_DP_Kng_19-020/2020
Inbar Cohen-Gihon et al	2	unknown	unknown	unknown	Israel/ISR_JP0320/2020,Israel/ISR_IT0320/2020
Javed et al	1	unknown	unknown	unknown	Pakistan/Gilgit1/2020
Zeinali et al	1	unknown	unknown	unknown	Iran/HGRC-01-IPI-8206/2020
Arnott et al	2	unknown	unknown	unknown	Australia/NSW53/2020,Australia/NSW26/2020
Patel et al	1	unknown	unknown	unknown	USA/NY1-PV08001/2020
Yadav et al	5	unknown	unknown	unknown	India/1652/2020,India/1093/2020,India/1073/2020,India/3239/2020,India/3118/2020
Kotaria et al	5	unknown	unknown	unknown	Georgia/Tb-82/2020,Georgia/Tb-468/2020,Georgia/Tb-54/2020,Georgia/Tb-477/2020,Georgia/Tb-1352/2020
Fahd Al-Mulla et al	8	unknown	unknown	unknown	Kuwait/KU09/2020,Kuwait/KU12/2020,Kuwait/KU18/2020,Kuwait/KU17/2020,Kuwait/KU001/2020,Kuwait/KU005/2020,Kuwait/KU008/2020,Kuwait/KU006/2020
Lam et al	3	unknown	unknown	unknown	Australia/NSW11/2020,Australia/NSW19/2020,Australia/NSW47/2020
Timms et al	3	unknown	unknown	unknown	Australia/NSW24/2020,Australia/NSW13/2020,Australia/NSW50/2020
Holmes et al	2	unknown	unknown	unknown	Australia/NSW35/2020,Australia/NSW58/2020
Carter et al	2	unknown	unknown	unknown	Australia/NSW28/2020,Australia/NSW56/2020
Kok et al	1	unknown	unknown	unknown	Australia/NSW40/2020
Rahman et al	2	unknown	unknown	unknown	Australia/NSW31/2020,Australia/NSW57/2020
Shaikh Terkis Islam Pavel et al	1	unknown	unknown	unknown	Turkey/ERAGEM-001/2020
Bengner et al	1	unknown	unknown	unknown	Sweden/01/2020
Terrier et al	1	unknown	unknown	unknown	France/IDF0386-islP1/2020
Ge et al	1	unknown	unknown	unknown	Fuyang/FY002/2020
Thomas S.H. Chung et al	1	unknown	unknown	unknown	canine/HongKong/20-02756/2020
Chong-Yee YAU et al	1	unknown	unknown	unknown	HongKong/HKPU35_0402/2020
Capobianchi et al	1	unknown	unknown	unknown	Italy/INMI1-cs/2020
Stefanelli et al	2	unknown	unknown	unknown	Italy/SPL1/2020,Italy/CDG1/2020
Machablishvili et al	1	unknown	unknown	unknown	Georgia/Tb-537/2020
Meredith et al	27	unknown	unknown	unknown	England/CAMB-7707D/2020,England/CAMB-76EB0/2020,England/CAMB-73A19/2020,England/CAMB-74CD6/2020,England/CAMB-755F8/2020,England/CAMB-74483/2020,England/CAMB-77013/2020,England/CAMB-737E5/2020,England/CAMB-74D3D/2020,England/CAMB-77031/2020,England/CAMB-76F9F/2020,England/CAMB-74D4C/2020,England/CAMB-73A28/2020,England/CAMB-76FBD/2020,England/CAMB-76D77/2020,England/CAMB-739EF/2020,England/CAMB-76FDB/2020,England/CAMB-76FCC/2020,England/CAMB-7377C/2020,England/CAMB-76DFF/2020,England/CAMB-7381F/2020,England/CAMB-76E92/2020,England/CAMB-74377/2020,England/CAMB-73800/2020,England/CAMB-76FF9/2020,England/CAMB-7393A/2020,England/CAMB-739D0/2020
Dwyer et al	1	unknown	unknown	unknown	Australia/NSW41/2020
OSullivan et al	2	unknown	unknown	unknown	Australia/NSW36/2020,Australia/NSW61/2020
Resende et al	3	unknown	unknown	unknown	Brazil/ES-225/2020,Brazil/BA-312/2020,Brazil/RJ-314/2020
Carr et al	11	unknown	unknown	unknown	Ireland/22901/2020,Ireland/24042/2020,Ireland/Dublin-22361/2020,Ireland/21023/2020,Ireland/21145/2020,Ireland/Dublin-19072/2020,Ireland/Dublin-22428/2020,Ireland/24052/2020,Ireland/Limerick-19934/2020,Ireland/Limerick-19935/2020,Ireland/Limerick-19933/2020
Costa et al	2	unknown	unknown	unknown	Portugal/IGC00009/2020,Portugal/IGC00010/2020
Schmutz et al	6	unknown	unknown	unknown	Switzerland/1000477102/2020,Switzerland/1000477757/2020,Switzerland/1000477377/2020,Switzerland/1000477797/2020,Switzerland/1000477806/2020,Switzerland/1000477796/2020
Jaqueline Goes de Jesus et al	2	unknown	unknown	unknown	Brazil/SPBR-02/2020,Brazil/SPBR-01/2020
Anke Wienecke-Baldacchino et al	61	unknown	unknown	unknown	Luxembourg/LNS0591129/2020,Luxembourg/LNS3694003/2020,Luxembourg/LNS1870254/2020,Luxembourg/LNS0641910/2020,Luxembourg/LNS0945359/2020,Luxembourg/LNS0000001/2020,Luxembourg/LNS7866283/2020,Luxembourg/LNS2151006/2020,Luxembourg/LNS3588186/2020,Luxembourg/LNS1874423/2020,Luxembourg/LNS0716877/2020,Luxembourg/LNS1918658/2020,Luxembourg/LNS4691488/2020,Luxembourg/LNS1612000/2020,Luxembourg/LNS2848109/2020,Luxembourg/LNS0158952/2020,Luxembourg/LNS2886370/2020,Luxembourg/LNS0756270/2020,Luxembourg/LNS0156959/2020,Luxembourg/LNS2907333/2020,Luxembourg/LNS1234709/2020,Luxembourg/LNS8188502/2020,Luxembourg/LNS6603085/2020,Luxembourg/LNS9371718/2020,Luxembourg/LNS2247193/2020,Luxembourg/LNS2614631/2020,Luxembourg/LNS9652104/2020,Luxembourg/LNS0819394/2020,Luxembourg/LNS4845603/2020,Luxembourg/LNS0366116/2020,Luxembourg/LNS1586597/2020,Luxembourg/LNS1909273/2020,Luxembourg/LNS6282845/2020,Luxembourg/LNS3156434/2020,Luxembourg/LNS9627078/2020,Luxembourg/LNS5731562/2020,Luxembourg/LNS4836560/2020,Luxembourg/LNS2458673/2020,Luxembourg/LNS2128808/2020,Luxembourg/LNS8639502/2020,Luxembourg/LNS9982497/2020,Luxembourg/LNS4134806/2020,Luxembourg/LNS9086704/2020,Luxembourg/LNS5228153/2020,Luxembourg/LNS7928872/2020,Luxembourg/LNS9324837/2020,Luxembourg/LNS8489624/2020,Luxembourg/LNS2013896/2020,Luxembourg/LNS7537751/2020,Luxembourg/LNS5032431/2020,Luxembourg/LNS3089015/2020,Luxembourg/LNS9862689/2020,Luxembourg/LNS9080444/2020,Luxembourg/LNS3711853/2020,Luxembourg/LNS3879580/2020,Luxembourg/LNS7753431/2020,Luxembourg/LNS5440244/2020,Luxembourg/LNS6689955/2020,Luxembourg/LNS6500589/2020,Luxembourg/LNS9512434/2020,Luxembourg/LNS1644489/2020
Keith et al	21	unknown	unknown	unknown	Belgium/ULG-3665/2020,Belgium/ULG-3662/2020,Belgium/ULG-3683/2020,Belgium/ULG-7019/2020,Belgium/ULG-6638/2020,Belgium/ULG-2971/2020,Belgium/ULG-3843/2020,Belgium/ULG-6950/2020,Belgium/ULG-6942/2020,Belgium/ULG-6948/2020,Belgium/ULG-6216/2020,Belgium/ULG-6457/2020,Belgium/ULG-3000/2020,Belgium/ULG-6754/2020,Belgium/ULG-4163/2020,Belgium/ULG-6972/2020,Belgium/ULG-6503/2020,Belgium/ULG-6670/2020,Belgium/ULG-6939/2020,Belgium/ULG-3162/2020,Belgium/ULG-3163/2020
Arevalo et al	7	unknown	unknown	unknown	USA/CZB-RR057-005/2020,USA/CZB-RR057-007/2020,USA/CZB-RR057-013/2020,USA/CZB-RR057-006/2020,USA/CZB-RR057-015/2020,USA/CZB-RR057-014/2020,USA/CZB-RR057-011/2020
Silamikelis et al	1	unknown	unknown	unknown	Latvia/0003/2020
Corman et al	2	unknown	unknown	unknown	Germany/BavPat1/2020,Germany/Baden-Wuerttemberg-1/2020
Zehender et al	2	unknown	unknown	unknown	Italy/UniMI01/2020,Italy/UniMI03/2020
Hirsch et al	21	unknown	unknown	unknown	Switzerland/42175075/2020,Switzerland/42176560/2020,Switzerland/42176771/2020,Switzerland/42177434/2020,Switzerland/42177236/2020,Switzerland/42177430/2020,Switzerland/42176229/2020,Switzerland/42176216/2020,Switzerland/42177472/2020,Switzerland/42169171/2020,Switzerland/42202622/2020,Switzerland/42202619/2020,Switzerland/42175213/2020,Switzerland/42175220/2020,Switzerland/42169471/2020,Switzerland/42170345/2020,Switzerland/42169310/2020,Switzerland/42174724/2020,Switzerland/42202805/2020,Switzerland/42176753/2020,Switzerland/42178712/2020
Castilletti et al	1	unknown	unknown	unknown	Italy/INMI8/2020
Laubscher et al	14	unknown	unknown	unknown	Switzerland/TI2045/2020,Switzerland/VD0503/2020,Switzerland/GR2988/2020,Switzerland/GR3043/2020,Switzerland/GE1422/2020,Switzerland/AG7120/2020,Switzerland/GE1402/2020,Switzerland/GE8102/2020,Switzerland/BE6651/2020,Switzerland/BS0914/2020,Switzerland/GE0199/2020,Switzerland/SZ1417/2020,Switzerland/GE6679/2020,Switzerland/GE4984/2020
Carlos Padilla Rojas et al	1	unknown	unknown	unknown	Peru/010/2020
Kramna et al	2	unknown	unknown	unknown	CzechRepublic/2122/2020,CzechRepublic/2282/2020
Rasmussen et al	7	unknown	unknown	unknown	Denmark/SSI-01/2020,Denmark/SSI-05/2020,Denmark/SSI-102/2020,Denmark/SSI-02/2020,Denmark/SSI-03/2020,Denmark/SSI-09/2020,Denmark/SSI-04/2020
Lorusso et al	16	unknown	unknown	unknown	Italy/TE4959/2020,Italy/TE5512/2020,Italy/TE4953/2020,Italy/TE4880/2020,Italy/TE5476/2020,Italy/TE5780/2020,Italy/TE6225/2020,Italy/TE5056/2020,Italy/TE5052/2020,Italy/6193/2020,Italy/TE6195/2020,Italy/TE6222/2020,Italy/TE4836/2020,Italy/TE5472/2020,Italy/TE5166/2020,Italy/TE4925/2020
Belen Prado-Vivar et al	1	unknown	unknown	unknown	Ecuador/HGSQ-USFQ-018/2020
Oluniyi et al	1	unknown	unknown	unknown	Nigeria/Lagos01/2020
Munoz-Medina et al	1	unknown	unknown	unknown	Mexico/Chihuahua-IMSS_01/2020
Joan Marti-Carerras et al	8	unknown	unknown	unknown	Belgium/FR-03029/2020,Belgium/VI-03027/2020,Belgium/SQ-03043/2020,Belgium/MMJ-03034/2020,Belgium/VBK-03061/2020,Belgium/DHWM-03041/2020,Belgium/KA-03042/2020,Belgium/RT-03035/2020
LAUBSCHER Florian et al. et al	8	unknown	unknown	unknown	Switzerland/VD5615/2020,Switzerland/GE3895/2020,Switzerland/BL0902/2020,Switzerland/GE9586/2020,Switzerland/AG0361/2020,Switzerland/GE5373/2020,Switzerland/GE3121/2020,Switzerland/TI9486/2020
Shchetinin et al	1	unknown	unknown	unknown	Russia/Moscow_PMVL-1/2020
Andres et al	2	unknown	unknown	unknown	Spain/VH198152683/2020,Spain/VH000001133/2020
Sadsad et al	2	unknown	unknown	unknown	Australia/NSW27/2020,Australia/NSW54/2020
Urban et al	3	unknown	unknown	unknown	Hungary/49/2020,Hungary/mbl1/2020,Hungary/2/2020
Guiomar et al	2	unknown	unknown	unknown	Portugal/CV62/2020,Portugal/CV63/2020
Wawina et al	1	unknown	unknown	unknown	Belgium/JL-03044/2020
Cesare M. Gruber et al	1	unknown	unknown	unknown	Italy/INMI4/2020
Ernesto et al	1	unknown	unknown	unknown	Mexico/CDMX-InDRE_01/2020
Baumeister et al	2	unknown	unknown	unknown	Argentina/C121/2020,Argentina/C1374/2020
Tu et al	2	unknown	unknown	unknown	USA/OSUP0109/2020,USA/OSUP0112/2020
Chanturia et al	2	unknown	unknown	unknown	Georgia/Tb-1679/2020,Georgia/Tb-712/2020
Milani et al	2	unknown	unknown	unknown	Italy/VR_20COV21-26/2020,Italy/VR_20COV21-37/2020
Pragya Yadav. Savita Patil et al	3	unknown	unknown	unknown	India/763/2020,India/773/2020,India/777/2020
Bagnarelli et al	1	unknown	unknown	unknown	Italy/UnivPM1/2020
Carletti et al	1	unknown	unknown	unknown	Italy/INMI9/2020
Viedma et al	10	unknown	unknown	unknown	Spain/Madrid_H12_2208/2020,Spain/Madrid_H12_1703/2020,Spain/Madrid_H12_1502/2020,Spain/Madrid_H12_1804/2021,Spain/Madrid_H12_1905/2020,Spain/Madrid_H12_2107/2020,Spain/Madrid_H12_1301/2020,Spain/Madrid_H12_2006/2020,Spain/Madrid_H12_2410/2020,Spain/Madrid_H12_2309/2020
Fabiola Garces Ayala et al	1	unknown	unknown	unknown	Mexico/Puebla-InDRE_05/2020
Llucia Martinez-Priego et al	1	unknown	unknown	unknown	Spain/Valencia42/2020
Messina et al	1	unknown	unknown	unknown	Italy/INMI5/2020
Armengol et al	1	unknown	unknown	unknown	Spain/Irsi-04/2020
Franco et al	1	unknown	unknown	unknown	Panama/328677/2020
Kotorashvili et al	1	unknown	unknown	unknown	Georgia/Tb/2020
Curran et al	1	unknown	unknown	unknown	NorthernIreland/HSCNI01/2020
Nagy et al	2	unknown	unknown	unknown	CzechRepublic/951/2020,CzechRepublic/2741/2020
Imai et al	2	unknown	unknown	unknown	Japan/SMU-0311S3/2020,Japan/SMU-0311S2/2020
Zeller et al	2	unknown	unknown	unknown	USA/CA-PC101P/2020,USA/CA-MG0987/2020
Allam et al	1	unknown	unknown	unknown	SouthAfrica/R03006-20/2020
Bartolini et al	1	unknown	unknown	unknown	Italy/INMI6/2020
Holzer et al	2	unknown	unknown	unknown	USA/IN-Lilly-IPB0170-4bc21/2020,USA/IN-Lilly-IPB0170-4bc20/2020
Komissarov et al	3	unknown	unknown	unknown	Russia/StPetersburg-RII3992/2020,Russia/StPetersburg-3524/2020,Russia/StPetersburg-RII3997/2020
Zakotnik et al	1	unknown	unknown	unknown	Slovenia/12304/2020
Lalle et al	1	unknown	unknown	unknown	Italy/INMI10/2020
Licastro et al	4	unknown	unknown	unknown	Italy/FVG-ICGEB_S1/2020,Italy/FVG-ICGEB_S9/2020,Italy/FVG-ICGEB_S8/2020,Italy/FVG-ICGEB_S5/2020
Rueca et al	1	unknown	unknown	unknown	Italy/INMI3/2020
Maddocks et al	1	unknown	unknown	unknown	Australia/NSW39/2020
Richmond et al	6	unknown	unknown	unknown	USA/WI-GMF-00441/2020,USA/WI-GMF-00707/2020,USA/WI-GMF-00921/2020,USA/WI-GMF-00744/2020,USA/WI-GMF-00986/2020,USA/WI-GMF-00588/2020
Laubscher  et al	2	unknown	unknown	unknown	Switzerland/GE4135/2020,Switzerland/BE2536/2020
R.A Diotti et al	1	unknown	unknown	unknown	Italy/UniSR1/2020
Antonino Di Caro et al	1	unknown	unknown	unknown	Italy/INMI7/2020
Albarrag et al	2	unknown	unknown	unknown	SaudiArabia/SCDC-3324/2020,SaudiArabia/SCDC-3321/2020
Black et al	3	unknown	unknown	unknown	USA/NY-NYUMC9/2020,USA/NY-NYUMC21/2020,USA/NY-NYUMC8/2020
Li jian Xiong et al	1	unknown	unknown	unknown	NanChang/JX216/2020
Bailey et al	1	unknown	unknown	unknown	USA/NC_200173/2020